number,block_timestamp,miner,gas_used,gas_limit,block_size
1,2015-07-30 15:26:28.000000 UTC,0x05a56e2d52c817161883f50c441c3228cfe54d9f,0,5000,537
2,2015-07-30 15:26:57.000000 UTC,0xdd2f1e6e498202e86d8f5442af596580a4f03c2c,0,5000,544
3,2015-07-30 15:27:28.000000 UTC,0x5088d623ba0fcf0131e0897a91734a4d83596aa0,0,5000,1079
4,2015-07-30 15:27:57.000000 UTC,0xc8ebccc5f5689fa8659d83713341e5ad19349448,0,5000,1079
5,2015-07-30 15:28:03.000000 UTC,0x05a56e2d52c817161883f50c441c3228cfe54d9f,0,5000,537
6,2015-07-30 15:28:27.000000 UTC,0x0193d941b50d91be6567c7ee1c0fe7af498b4137,0,5000,537
7,2015-07-30 15:28:30.000000 UTC,0xdd2f1e6e498202e86d8f5442af596580a4f03c2c,0,5000,1078
8,2015-07-30 15:28:32.000000 UTC,0x0193d941b50d91be6567c7ee1c0fe7af498b4137,0,5000,537
9,2015-07-30 15:28:35.000000 UTC,0xdd2f1e6e498202e86d8f5442af596580a4f03c2c,0,5000,544
10,2015-07-30 15:28:48.000000 UTC,0x0193d941b50d91be6567c7ee1c0fe7af498b4137,0,5000,537
11,2015-07-30 15:28:56.000000 UTC,0x19dafe19f11e960e4ccfc6a5aa8890ebd748ca1e,0,5000,544
12,2015-07-30 15:29:04.000000 UTC,0x0193d941b50d91be6567c7ee1c0fe7af498b4137,0,5000,537
13,2015-07-30 15:29:18.000000 UTC,0xd7e30ae310c1d1800f5b641baa7af95b2e1fd98c,0,5000,544
14,2015-07-30 15:29:21.000000 UTC,0xacc8decdfdcbed202b8632947c60487494f5d2c7,0,5000,544
15,2015-07-30 15:29:28.000000 UTC,0x0193d941b50d91be6567c7ee1c0fe7af498b4137,0,5000,537
16,2015-07-30 15:29:34.000000 UTC,0x19dafe19f11e960e4ccfc6a5aa8890ebd748ca1e,0,5000,544
17,2015-07-30 15:29:38.000000 UTC,0x0193d941b50d91be6567c7ee1c0fe7af498b4137,0,5000,537
18,2015-07-30 15:29:40.000000 UTC,0x1b7047b4338acf65be94c1a3e8c5c9338ad7d67c,0,5000,538
19,2015-07-30 15:29:47.000000 UTC,0x1b7047b4338acf65be94c1a3e8c5c9338ad7d67c,0,5000,538
20,2015-07-30 15:29:49.000000 UTC,0x0193d941b50d91be6567c7ee1c0fe7af498b4137,0,5000,537
21,2015-07-30 15:29:53.000000 UTC,0x1b7047b4338acf65be94c1a3e8c5c9338ad7d67c,0,5000,1073
22,2015-07-30 15:30:04.000000 UTC,0xd7e30ae310c1d1800f5b641baa7af95b2e1fd98c,0,5000,544
23,2015-07-30 15:30:08.000000 UTC,0x0193d941b50d91be6567c7ee1c0fe7af498b4137,0,5000,537
24,2015-07-30 15:30:13.000000 UTC,0x1b7047b4338acf65be94c1a3e8c5c9338ad7d67c,0,5000,538
25,2015-07-30 15:30:14.000000 UTC,0xbb7b8287f3f0a933474a79eae42cbca977791171,0,5000,542
26,2015-07-30 15:30:16.000000 UTC,0x48cd680bb700f6b7de89dd9ff4932ccc158c3e05,0,5000,544
27,2015-07-30 15:30:23.000000 UTC,0x48cd680bb700f6b7de89dd9ff4932ccc158c3e05,0,5000,544
28,2015-07-30 15:30:28.000000 UTC,0x0193d941b50d91be6567c7ee1c0fe7af498b4137,0,5000,537
29,2015-07-30 15:30:39.000000 UTC,0x322df8fd261820c36234f806b15f51a2203a8f88,0,5000,544
30,2015-07-30 15:30:41.000000 UTC,0xbb7b8287f3f0a933474a79eae42cbca977791171,0,5000,542
31,2015-07-30 15:30:42.000000 UTC,0xacc8decdfdcbed202b8632947c60487494f5d2c7,0,5000,544
32,2015-07-30 15:30:44.000000 UTC,0x9ab9f7a4b85412bfbe2f4f63b1c98808851c4f32,0,5000,537
33,2015-07-30 15:30:45.000000 UTC,0x5088d623ba0fcf0131e0897a91734a4d83596aa0,0,5000,1085
34,2015-07-30 15:30:52.000000 UTC,0x1b7047b4338acf65be94c1a3e8c5c9338ad7d67c,0,5000,538
35,2015-07-30 15:30:55.000000 UTC,0x1b7047b4338acf65be94c1a3e8c5c9338ad7d67c,0,5000,538
36,2015-07-30 15:31:05.000000 UTC,0xbb7b8287f3f0a933474a79eae42cbca977791171,0,5000,1076
37,2015-07-30 15:31:07.000000 UTC,0x1b7047b4338acf65be94c1a3e8c5c9338ad7d67c,0,5000,1079
38,2015-07-30 15:31:09.000000 UTC,0x0193d941b50d91be6567c7ee1c0fe7af498b4137,0,5000,537
39,2015-07-30 15:31:12.000000 UTC,0xd7e30ae310c1d1800f5b641baa7af95b2e1fd98c,0,5000,544
40,2015-07-30 15:31:13.000000 UTC,0xbb7b8287f3f0a933474a79eae42cbca977791171,0,5000,542
41,2015-07-30 15:31:14.000000 UTC,0x19dafe19f11e960e4ccfc6a5aa8890ebd748ca1e,0,5000,544
42,2015-07-30 15:31:17.000000 UTC,0x1b7047b4338acf65be94c1a3e8c5c9338ad7d67c,0,5000,538
43,2015-07-30 15:31:19.000000 UTC,0xd7e30ae310c1d1800f5b641baa7af95b2e1fd98c,0,5000,544
44,2015-07-30 15:31:25.000000 UTC,0xbb7b8287f3f0a933474a79eae42cbca977791171,0,5000,542
45,2015-07-30 15:31:28.000000 UTC,0x1b7047b4338acf65be94c1a3e8c5c9338ad7d67c,0,5000,538
46,2015-07-30 15:31:30.000000 UTC,0xd8030bb90dfc593e614ef0aed456bfe342ad45f5,0,5000,539
47,2015-07-30 15:31:31.000000 UTC,0x1b7047b4338acf65be94c1a3e8c5c9338ad7d67c,0,5000,538
48,2015-07-30 15:31:32.000000 UTC,0x1b7047b4338acf65be94c1a3e8c5c9338ad7d67c,0,5000,538
49,2015-07-30 15:31:34.000000 UTC,0x48cd680bb700f6b7de89dd9ff4932ccc158c3e05,0,5000,544
50,2015-07-30 15:31:35.000000 UTC,0xbb7b8287f3f0a933474a79eae42cbca977791171,0,5000,542
51,2015-07-30 15:31:38.000000 UTC,0x1b7047b4338acf65be94c1a3e8c5c9338ad7d67c,0,5000,538
52,2015-07-30 15:31:40.000000 UTC,0x1b7047b4338acf65be94c1a3e8c5c9338ad7d67c,0,5000,538
53,2015-07-30 15:31:52.000000 UTC,0xd7e30ae310c1d1800f5b641baa7af95b2e1fd98c,0,5000,544
54,2015-07-30 15:31:56.000000 UTC,0x48cd680bb700f6b7de89dd9ff4932ccc158c3e05,0,5000,544
55,2015-07-30 15:32:00.000000 UTC,0xbb7b8287f3f0a933474a79eae42cbca977791171,0,5000,1083
56,2015-07-30 15:32:02.000000 UTC,0x2f85b3bf062769b2a2672200afb21e3f4067a86d,0,5000,1078
57,2015-07-30 15:32:05.000000 UTC,0xc8ebccc5f5689fa8659d83713341e5ad19349448,0,5000,538
58,2015-07-30 15:32:06.000000 UTC,0xbb7b8287f3f0a933474a79eae42cbca977791171,0,5000,542
59,2015-07-30 15:32:07.000000 UTC,0xbb7b8287f3f0a933474a79eae42cbca977791171,0,5000,542
60,2015-07-30 15:32:08.000000 UTC,0xbb7b8287f3f0a933474a79eae42cbca977791171,0,5000,542
61,2015-07-30 15:32:11.000000 UTC,0x2f85b3bf062769b2a2672200afb21e3f4067a86d,0,5000,544
62,2015-07-30 15:32:13.000000 UTC,0xbb7b8287f3f0a933474a79eae42cbca977791171,0,5000,542
63,2015-07-30 15:32:20.000000 UTC,0x1b7047b4338acf65be94c1a3e8c5c9338ad7d67c,0,5000,1072
64,2015-07-30 15:32:25.000000 UTC,0xd7e30ae310c1d1800f5b641baa7af95b2e1fd98c,0,5000,544
65,2015-07-30 15:32:34.000000 UTC,0xbb7b8287f3f0a933474a79eae42cbca977791171,0,5000,542
66,2015-07-30 15:32:41.000000 UTC,0xbb7b8287f3f0a933474a79eae42cbca977791171,0,5000,1076
67,2015-07-30 15:32:46.000000 UTC,0xd7e30ae310c1d1800f5b641baa7af95b2e1fd98c,0,5000,544
68,2015-07-30 15:32:49.000000 UTC,0xacc8decdfdcbed202b8632947c60487494f5d2c7,0,5000,544
69,2015-07-30 15:32:53.000000 UTC,0xbb7b8287f3f0a933474a79eae42cbca977791171,0,5000,542
70,2015-07-30 15:32:54.000000 UTC,0x0193d941b50d91be6567c7ee1c0fe7af498b4137,0,5000,537
71,2015-07-30 15:32:57.000000 UTC,0x0193d941b50d91be6567c7ee1c0fe7af498b4137,0,5000,1071
72,2015-07-30 15:32:58.000000 UTC,0x28921e4e2c9d84f4c0f0c0ceb991f45751a0fe93,0,5000,537
73,2015-07-30 15:33:02.000000 UTC,0xbb7b8287f3f0a933474a79eae42cbca977791171,0,5000,542
74,2015-07-30 15:33:03.000000 UTC,0xbb7b8287f3f0a933474a79eae42cbca977791171,0,5000,542
75,2015-07-30 15:33:04.000000 UTC,0xbb7b8287f3f0a933474a79eae42cbca977791171,0,5000,542
76,2015-07-30 15:33:05.000000 UTC,0xbb7b8287f3f0a933474a79eae42cbca977791171,0,5000,1076
77,2015-07-30 15:33:07.000000 UTC,0x10c3eedde6fbda160041f479fcaf26bb38316fcd,0,5000,544
78,2015-07-30 15:33:09.000000 UTC,0xd7e30ae310c1d1800f5b641baa7af95b2e1fd98c,0,5000,1078
79,2015-07-30 15:33:11.000000 UTC,0x48cd680bb700f6b7de89dd9ff4932ccc158c3e05,0,5000,544
80,2015-07-30 15:33:15.000000 UTC,0xbb7b8287f3f0a933474a79eae42cbca977791171,0,5000,542
81,2015-07-30 15:33:18.000000 UTC,0x28921e4e2c9d84f4c0f0c0ceb991f45751a0fe93,0,5000,537
82,2015-07-30 15:33:20.000000 UTC,0x20c6efe179c293690a5b3375f5bd81c2f07ed037,0,5000,544
83,2015-07-30 15:33:27.000000 UTC,0x28921e4e2c9d84f4c0f0c0ceb991f45751a0fe93,0,5000,1071
84,2015-07-30 15:33:28.000000 UTC,0xd7e30ae310c1d1800f5b641baa7af95b2e1fd98c,0,5000,544
85,2015-07-30 15:33:32.000000 UTC,0x0193d941b50d91be6567c7ee1c0fe7af498b4137,0,5000,537
86,2015-07-30 15:33:33.000000 UTC,0xbb7b8287f3f0a933474a79eae42cbca977791171,0,5000,542
87,2015-07-30 15:33:35.000000 UTC,0xbb7b8287f3f0a933474a79eae42cbca977791171,0,5000,542
88,2015-07-30 15:33:37.000000 UTC,0x28921e4e2c9d84f4c0f0c0ceb991f45751a0fe93,0,5000,537
89,2015-07-30 15:33:38.000000 UTC,0x1b7047b4338acf65be94c1a3e8c5c9338ad7d67c,0,5000,538
90,2015-07-30 15:33:42.000000 UTC,0xd7e30ae310c1d1800f5b641baa7af95b2e1fd98c,0,5000,544
91,2015-07-30 15:33:45.000000 UTC,0x28921e4e2c9d84f4c0f0c0ceb991f45751a0fe93,0,5000,537
92,2015-07-30 15:33:47.000000 UTC,0xbb7b8287f3f0a933474a79eae42cbca977791171,0,5000,542
93,2015-07-30 15:33:50.000000 UTC,0xbb7b8287f3f0a933474a79eae42cbca977791171,0,5000,1081
94,2015-07-30 15:33:51.000000 UTC,0xd7e30ae310c1d1800f5b641baa7af95b2e1fd98c,0,5000,1083
95,2015-07-30 15:33:53.000000 UTC,0xbb7b8287f3f0a933474a79eae42cbca977791171,0,5000,542
96,2015-07-30 15:33:55.000000 UTC,0x1b7047b4338acf65be94c1a3e8c5c9338ad7d67c,0,5000,538
97,2015-07-30 15:33:58.000000 UTC,0xbb7b8287f3f0a933474a79eae42cbca977791171,0,5000,1609
98,2015-07-30 15:33:59.000000 UTC,0xbb7b8287f3f0a933474a79eae42cbca977791171,0,5000,542
99,2015-07-30 15:34:01.000000 UTC,0xbb7b8287f3f0a933474a79eae42cbca977791171,0,5000,1081
100,2015-07-30 15:34:03.000000 UTC,0xbb7b8287f3f0a933474a79eae42cbca977791171,0,5000,542
101,2015-07-30 15:34:05.000000 UTC,0xbb7b8287f3f0a933474a79eae42cbca977791171,0,5000,542
102,2015-07-30 15:34:07.000000 UTC,0x28921e4e2c9d84f4c0f0c0ceb991f45751a0fe93,0,5000,537
103,2015-07-30 15:34:11.000000 UTC,0x28921e4e2c9d84f4c0f0c0ceb991f45751a0fe93,0,5000,537
104,2015-07-30 15:34:12.000000 UTC,0xbb7b8287f3f0a933474a79eae42cbca977791171,0,5000,542
105,2015-07-30 15:34:13.000000 UTC,0x28921e4e2c9d84f4c0f0c0ceb991f45751a0fe93,0,5000,1078
106,2015-07-30 15:34:14.000000 UTC,0xd7e30ae310c1d1800f5b641baa7af95b2e1fd98c,0,5000,544
107,2015-07-30 15:34:15.000000 UTC,0xd7e30ae310c1d1800f5b641baa7af95b2e1fd98c,0,5000,544
108,2015-07-30 15:34:16.000000 UTC,0x1b7047b4338acf65be94c1a3e8c5c9338ad7d67c,0,5000,1079
109,2015-07-30 15:34:19.000000 UTC,0x1b7047b4338acf65be94c1a3e8c5c9338ad7d67c,0,5000,538
110,2015-07-30 15:34:24.000000 UTC,0x19dafe19f11e960e4ccfc6a5aa8890ebd748ca1e,0,5000,544
111,2015-07-30 15:34:28.000000 UTC,0x2f85b3bf062769b2a2672200afb21e3f4067a86d,0,5000,1085
112,2015-07-30 15:34:29.000000 UTC,0xd7e30ae310c1d1800f5b641baa7af95b2e1fd98c,0,5000,1079
113,2015-07-30 15:34:31.000000 UTC,0x48cd680bb700f6b7de89dd9ff4932ccc158c3e05,0,5000,544
114,2015-07-30 15:34:32.000000 UTC,0xbb7b8287f3f0a933474a79eae42cbca977791171,0,5000,542
115,2015-07-30 15:34:34.000000 UTC,0x1b7047b4338acf65be94c1a3e8c5c9338ad7d67c,0,5000,538
116,2015-07-30 15:34:36.000000 UTC,0x5088d623ba0fcf0131e0897a91734a4d83596aa0,0,5000,544
117,2015-07-30 15:34:40.000000 UTC,0xbb7b8287f3f0a933474a79eae42cbca977791171,0,5000,542
118,2015-07-30 15:34:41.000000 UTC,0xbb7b8287f3f0a933474a79eae42cbca977791171,0,5000,542
119,2015-07-30 15:34:42.000000 UTC,0x0193d941b50d91be6567c7ee1c0fe7af498b4137,0,5000,537
120,2015-07-30 15:34:44.000000 UTC,0xbb7b8287f3f0a933474a79eae42cbca977791171,0,5000,1076
121,2015-07-30 15:34:46.000000 UTC,0x28921e4e2c9d84f4c0f0c0ceb991f45751a0fe93,0,5000,537
122,2015-07-30 15:34:51.000000 UTC,0xbb7b8287f3f0a933474a79eae42cbca977791171,0,5000,542
123,2015-07-30 15:34:52.000000 UTC,0xbb7b8287f3f0a933474a79eae42cbca977791171,0,5000,542
124,2015-07-30 15:34:53.000000 UTC,0x1b7047b4338acf65be94c1a3e8c5c9338ad7d67c,0,5000,538
125,2015-07-30 15:34:57.000000 UTC,0xbb7b8287f3f0a933474a79eae42cbca977791171,0,5000,542
126,2015-07-30 15:35:00.000000 UTC,0xbb7b8287f3f0a933474a79eae42cbca977791171,0,5000,1083
127,2015-07-30 15:35:01.000000 UTC,0x1b7047b4338acf65be94c1a3e8c5c9338ad7d67c,0,5000,538
128,2015-07-30 15:35:03.000000 UTC,0xf6e1652a0397e078f434d6dda181b218cfd42e09,0,5000,538
129,2015-07-30 15:35:04.000000 UTC,0xd7e30ae310c1d1800f5b641baa7af95b2e1fd98c,0,5000,545
130,2015-07-30 15:35:05.000000 UTC,0x1b7047b4338acf65be94c1a3e8c5c9338ad7d67c,0,5000,539
131,2015-07-30 15:35:07.000000 UTC,0x1b7047b4338acf65be94c1a3e8c5c9338ad7d67c,0,5000,539
132,2015-07-30 15:35:10.000000 UTC,0xbb7b8287f3f0a933474a79eae42cbca977791171,0,5000,1085
133,2015-07-30 15:35:11.000000 UTC,0xbb7b8287f3f0a933474a79eae42cbca977791171,0,5000,543
134,2015-07-30 15:35:19.000000 UTC,0x1b7047b4338acf65be94c1a3e8c5c9338ad7d67c,0,5000,539
135,2015-07-30 15:35:20.000000 UTC,0x28921e4e2c9d84f4c0f0c0ceb991f45751a0fe93,0,5000,1073
136,2015-07-30 15:35:22.000000 UTC,0x48cd680bb700f6b7de89dd9ff4932ccc158c3e05,0,5000,1087
137,2015-07-30 15:35:23.000000 UTC,0x1b7047b4338acf65be94c1a3e8c5c9338ad7d67c,0,5000,539
138,2015-07-30 15:35:25.000000 UTC,0x1b7047b4338acf65be94c1a3e8c5c9338ad7d67c,0,5000,539
139,2015-07-30 15:35:29.000000 UTC,0xbb7b8287f3f0a933474a79eae42cbca977791171,0,5000,543
140,2015-07-30 15:35:30.000000 UTC,0xbb7b8287f3f0a933474a79eae42cbca977791171,0,5000,543
141,2015-07-30 15:35:32.000000 UTC,0x1b7047b4338acf65be94c1a3e8c5c9338ad7d67c,0,5000,1619
142,2015-07-30 15:35:33.000000 UTC,0x0193d941b50d91be6567c7ee1c0fe7af498b4137,0,5000,1073
143,2015-07-30 15:35:34.000000 UTC,0x28921e4e2c9d84f4c0f0c0ceb991f45751a0fe93,0,5000,538
144,2015-07-30 15:35:35.000000 UTC,0xbb7b8287f3f0a933474a79eae42cbca977791171,0,5000,543
145,2015-07-30 15:35:39.000000 UTC,0xbb7b8287f3f0a933474a79eae42cbca977791171,0,5000,543
146,2015-07-30 15:35:40.000000 UTC,0xbb7b8287f3f0a933474a79eae42cbca977791171,0,5000,543
147,2015-07-30 15:35:46.000000 UTC,0xbb7b8287f3f0a933474a79eae42cbca977791171,0,5000,543
148,2015-07-30 15:35:47.000000 UTC,0xd2f56eeb7111655f1709413ce0f7d2c60f7b1846,0,5000,545
149,2015-07-30 15:35:49.000000 UTC,0xbb7b8287f3f0a933474a79eae42cbca977791171,0,5000,1083
150,2015-07-30 15:35:51.000000 UTC,0x1b7047b4338acf65be94c1a3e8c5c9338ad7d67c,0,5000,539
151,2015-07-30 15:35:52.000000 UTC,0x28921e4e2c9d84f4c0f0c0ceb991f45751a0fe93,0,5000,1080
152,2015-07-30 15:35:53.000000 UTC,0x28921e4e2c9d84f4c0f0c0ceb991f45751a0fe93,0,5000,538
153,2015-07-30 15:35:55.000000 UTC,0x70137010922f2fc2964b3792907f79fbb75febe8,0,5000,545
154,2015-07-30 15:35:56.000000 UTC,0x322df8fd261820c36234f806b15f51a2203a8f88,0,5000,545
155,2015-07-30 15:35:57.000000 UTC,0xbb7b8287f3f0a933474a79eae42cbca977791171,0,5000,543
156,2015-07-30 15:35:58.000000 UTC,0x94b7fdf01f4e5d76b2c31eeb846f91f427606c98,0,5000,545
157,2015-07-30 15:36:00.000000 UTC,0x2f85b3bf062769b2a2672200afb21e3f4067a86d,0,5000,545
158,2015-07-30 15:36:01.000000 UTC,0xbb7b8287f3f0a933474a79eae42cbca977791171,0,5000,1085
159,2015-07-30 15:36:02.000000 UTC,0x28921e4e2c9d84f4c0f0c0ceb991f45751a0fe93,0,5000,538
160,2015-07-30 15:36:03.000000 UTC,0xbb7b8287f3f0a933474a79eae42cbca977791171,0,5000,543
161,2015-07-30 15:36:04.000000 UTC,0xbb7b8287f3f0a933474a79eae42cbca977791171,0,5000,543
162,2015-07-30 15:36:05.000000 UTC,0xbb7b8287f3f0a933474a79eae42cbca977791171,0,5000,543
163,2015-07-30 15:36:10.000000 UTC,0xbb7b8287f3f0a933474a79eae42cbca977791171,0,5000,1078
164,2015-07-30 15:36:11.000000 UTC,0x48cd680bb700f6b7de89dd9ff4932ccc158c3e05,0,5000,545
165,2015-07-30 15:36:12.000000 UTC,0x5088d623ba0fcf0131e0897a91734a4d83596aa0,0,5000,1085
166,2015-07-30 15:36:14.000000 UTC,0x70137010922f2fc2964b3792907f79fbb75febe8,0,5000,545
167,2015-07-30 15:36:15.000000 UTC,0x28921e4e2c9d84f4c0f0c0ceb991f45751a0fe93,0,5000,538
168,2015-07-30 15:36:16.000000 UTC,0x28921e4e2c9d84f4c0f0c0ceb991f45751a0fe93,0,5000,538
169,2015-07-30 15:36:18.000000 UTC,0xbb7b8287f3f0a933474a79eae42cbca977791171,0,5000,543
170,2015-07-30 15:36:20.000000 UTC,0xbb7b8287f3f0a933474a79eae42cbca977791171,0,5000,1079
171,2015-07-30 15:36:21.000000 UTC,0xdd2f1e6e498202e86d8f5442af596580a4f03c2c,0,5000,545
172,2015-07-30 15:36:22.000000 UTC,0x5088d623ba0fcf0131e0897a91734a4d83596aa0,0,5000,545
173,2015-07-30 15:36:25.000000 UTC,0xf1c63182e2074b561fc3999a9abef18ad2b18052,0,5000,545
174,2015-07-30 15:36:27.000000 UTC,0x28921e4e2c9d84f4c0f0c0ceb991f45751a0fe93,0,5000,1080
175,2015-07-30 15:36:28.000000 UTC,0xbb7b8287f3f0a933474a79eae42cbca977791171,0,5000,543
176,2015-07-30 15:36:30.000000 UTC,0xc1cdc601f89c0428b31302d187e0dc08ad7d1c57,0,5000,545
177,2015-07-30 15:36:34.000000 UTC,0x5088d623ba0fcf0131e0897a91734a4d83596aa0,0,5000,545
178,2015-07-30 15:36:36.000000 UTC,0xbb7b8287f3f0a933474a79eae42cbca977791171,0,5000,543
179,2015-07-30 15:36:38.000000 UTC,0xbb7b8287f3f0a933474a79eae42cbca977791171,0,5000,543
180,2015-07-30 15:36:41.000000 UTC,0xbb7b8287f3f0a933474a79eae42cbca977791171,0,5000,543
181,2015-07-30 15:36:42.000000 UTC,0xbb7b8287f3f0a933474a79eae42cbca977791171,0,5000,543
182,2015-07-30 15:36:44.000000 UTC,0x1b7047b4338acf65be94c1a3e8c5c9338ad7d67c,0,5000,539
183,2015-07-30 15:36:48.000000 UTC,0xbb7b8287f3f0a933474a79eae42cbca977791171,0,5000,543
184,2015-07-30 15:36:50.000000 UTC,0x957523c697993cb24fcf75efbce4f228325e7383,0,5000,538
185,2015-07-30 15:36:51.000000 UTC,0x2f85b3bf062769b2a2672200afb21e3f4067a86d,0,5000,545
186,2015-07-30 15:36:52.000000 UTC,0xdd2f1e6e498202e86d8f5442af596580a4f03c2c,0,5000,545
187,2015-07-30 15:36:54.000000 UTC,0x5088d623ba0fcf0131e0897a91734a4d83596aa0,0,5000,1087
188,2015-07-30 15:36:56.000000 UTC,0xbb7b8287f3f0a933474a79eae42cbca977791171,0,5000,543
189,2015-07-30 15:36:57.000000 UTC,0x5088d623ba0fcf0131e0897a91734a4d83596aa0,0,5000,545
190,2015-07-30 15:37:04.000000 UTC,0xbb7b8287f3f0a933474a79eae42cbca977791171,0,5000,1612
191,2015-07-30 15:37:07.000000 UTC,0xbb7b8287f3f0a933474a79eae42cbca977791171,0,5000,1079
192,2015-07-30 15:37:08.000000 UTC,0xd7e30ae310c1d1800f5b641baa7af95b2e1fd98c,0,5000,1080
193,2015-07-30 15:37:10.000000 UTC,0x1b7047b4338acf65be94c1a3e8c5c9338ad7d67c,0,5000,539
194,2015-07-30 15:37:13.000000 UTC,0xbb7b8287f3f0a933474a79eae42cbca977791171,0,5000,543
195,2015-07-30 15:37:14.000000 UTC,0xbb7b8287f3f0a933474a79eae42cbca977791171,0,5000,543
196,2015-07-30 15:37:15.000000 UTC,0xd7e30ae310c1d1800f5b641baa7af95b2e1fd98c,0,5000,545
197,2015-07-30 15:37:18.000000 UTC,0x1b7047b4338acf65be94c1a3e8c5c9338ad7d67c,0,5000,539
198,2015-07-30 15:37:20.000000 UTC,0x0617194e49baad419b57fb8ebba265e417362835,0,5000,1079
199,2015-07-30 15:37:22.000000 UTC,0x1b7047b4338acf65be94c1a3e8c5c9338ad7d67c,0,5000,539
200,2015-07-30 15:37:26.000000 UTC,0xbb7b8287f3f0a933474a79eae42cbca977791171,0,5000,543
201,2015-07-30 15:37:27.000000 UTC,0xbb7b8287f3f0a933474a79eae42cbca977791171,0,5000,1078
202,2015-07-30 15:37:28.000000 UTC,0x28921e4e2c9d84f4c0f0c0ceb991f45751a0fe93,0,5000,1073
203,2015-07-30 15:37:29.000000 UTC,0xbb7b8287f3f0a933474a79eae42cbca977791171,0,5000,543
204,2015-07-30 15:37:30.000000 UTC,0xbb7b8287f3f0a933474a79eae42cbca977791171,0,5000,543
205,2015-07-30 15:37:31.000000 UTC,0x1b7047b4338acf65be94c1a3e8c5c9338ad7d67c,0,5000,539
206,2015-07-30 15:37:32.000000 UTC,0x1b7047b4338acf65be94c1a3e8c5c9338ad7d67c,0,5000,539
207,2015-07-30 15:37:34.000000 UTC,0xdb312d1d6a2ccc64dd94a3892928bac82b4e8c15,0,5000,545
208,2015-07-30 15:37:37.000000 UTC,0xbb7b8287f3f0a933474a79eae42cbca977791171,0,5000,1085
209,2015-07-30 15:37:44.000000 UTC,0x1b7047b4338acf65be94c1a3e8c5c9338ad7d67c,0,5000,539
210,2015-07-30 15:37:48.000000 UTC,0x1b7047b4338acf65be94c1a3e8c5c9338ad7d67c,0,5000,1607
211,2015-07-30 15:37:51.000000 UTC,0x5088d623ba0fcf0131e0897a91734a4d83596aa0,0,5000,545
212,2015-07-30 15:37:52.000000 UTC,0x28921e4e2c9d84f4c0f0c0ceb991f45751a0fe93,0,5000,538
213,2015-07-30 15:37:54.000000 UTC,0xbb7b8287f3f0a933474a79eae42cbca977791171,0,5000,543
214,2015-07-30 15:37:55.000000 UTC,0xbb7b8287f3f0a933474a79eae42cbca977791171,0,5000,543
215,2015-07-30 15:37:56.000000 UTC,0x1b7047b4338acf65be94c1a3e8c5c9338ad7d67c,0,5000,539
216,2015-07-30 15:37:58.000000 UTC,0xbb7b8287f3f0a933474a79eae42cbca977791171,0,5000,543
217,2015-07-30 15:38:00.000000 UTC,0xbb7b8287f3f0a933474a79eae42cbca977791171,0,5000,543
218,2015-07-30 15:38:02.000000 UTC,0x28921e4e2c9d84f4c0f0c0ceb991f45751a0fe93,0,5000,1078
219,2015-07-30 15:38:03.000000 UTC,0xbb7b8287f3f0a933474a79eae42cbca977791171,0,5000,1085
220,2015-07-30 15:38:04.000000 UTC,0x5088d623ba0fcf0131e0897a91734a4d83596aa0,0,5000,545
221,2015-07-30 15:38:05.000000 UTC,0xd7e30ae310c1d1800f5b641baa7af95b2e1fd98c,0,5000,545
222,2015-07-30 15:38:09.000000 UTC,0xbb7b8287f3f0a933474a79eae42cbca977791171,0,5000,1618
223,2015-07-30 15:38:12.000000 UTC,0xbb7b8287f3f0a933474a79eae42cbca977791171,0,5000,1085
224,2015-07-30 15:38:13.000000 UTC,0x0193d941b50d91be6567c7ee1c0fe7af498b4137,0,5000,538
225,2015-07-30 15:38:15.000000 UTC,0xbb7b8287f3f0a933474a79eae42cbca977791171,0,5000,543
226,2015-07-30 15:38:17.000000 UTC,0x48cd680bb700f6b7de89dd9ff4932ccc158c3e05,0,5000,545
227,2015-07-30 15:38:18.000000 UTC,0x28921e4e2c9d84f4c0f0c0ceb991f45751a0fe93,0,5000,1074
228,2015-07-30 15:38:21.000000 UTC,0xbb7b8287f3f0a933474a79eae42cbca977791171,0,5000,543
229,2015-07-30 15:38:22.000000 UTC,0xbb7b8287f3f0a933474a79eae42cbca977791171,0,5000,1079
230,2015-07-30 15:38:24.000000 UTC,0x28921e4e2c9d84f4c0f0c0ceb991f45751a0fe93,0,5000,538
231,2015-07-30 15:38:26.000000 UTC,0xbb7b8287f3f0a933474a79eae42cbca977791171,0,5000,1085
232,2015-07-30 15:38:27.000000 UTC,0xbb7b8287f3f0a933474a79eae42cbca977791171,0,5000,543
233,2015-07-30 15:38:28.000000 UTC,0x28921e4e2c9d84f4c0f0c0ceb991f45751a0fe93,0,5000,538
234,2015-07-30 15:38:31.000000 UTC,0x28921e4e2c9d84f4c0f0c0ceb991f45751a0fe93,0,5000,538
235,2015-07-30 15:38:33.000000 UTC,0x05a56e2d52c817161883f50c441c3228cfe54d9f,0,5000,538
236,2015-07-30 15:38:35.000000 UTC,0xd7e30ae310c1d1800f5b641baa7af95b2e1fd98c,0,5000,545
237,2015-07-30 15:38:39.000000 UTC,0x1b7047b4338acf65be94c1a3e8c5c9338ad7d67c,0,5000,539
238,2015-07-30 15:38:42.000000 UTC,0xbb7b8287f3f0a933474a79eae42cbca977791171,0,5000,1078
239,2015-07-30 15:38:43.000000 UTC,0x1b7047b4338acf65be94c1a3e8c5c9338ad7d67c,0,5000,539
240,2015-07-30 15:38:45.000000 UTC,0xbb7b8287f3f0a933474a79eae42cbca977791171,0,5000,543
241,2015-07-30 15:38:48.000000 UTC,0x5088d623ba0fcf0131e0897a91734a4d83596aa0,0,5000,1080
242,2015-07-30 15:38:49.000000 UTC,0xbb7b8287f3f0a933474a79eae42cbca977791171,0,5000,543
243,2015-07-30 15:38:51.000000 UTC,0x35c6f22e8ffa3d3aef1ee7744bdba64e1b188a15,0,5000,1082
244,2015-07-30 15:38:54.000000 UTC,0x5088d623ba0fcf0131e0897a91734a4d83596aa0,0,5000,545
245,2015-07-30 15:38:57.000000 UTC,0xbb7b8287f3f0a933474a79eae42cbca977791171,0,5000,543
246,2015-07-30 15:38:58.000000 UTC,0x28921e4e2c9d84f4c0f0c0ceb991f45751a0fe93,0,5000,538
247,2015-07-30 15:38:59.000000 UTC,0x28921e4e2c9d84f4c0f0c0ceb991f45751a0fe93,0,5000,1073
248,2015-07-30 15:39:00.000000 UTC,0x5088d623ba0fcf0131e0897a91734a4d83596aa0,0,5000,545
249,2015-07-30 15:39:01.000000 UTC,0x28921e4e2c9d84f4c0f0c0ceb991f45751a0fe93,0,5000,538
250,2015-07-30 15:39:02.000000 UTC,0x1b7047b4338acf65be94c1a3e8c5c9338ad7d67c,0,5000,539
251,2015-07-30 15:39:04.000000 UTC,0x28921e4e2c9d84f4c0f0c0ceb991f45751a0fe93,0,5000,1078
252,2015-07-30 15:39:05.000000 UTC,0xbb7b8287f3f0a933474a79eae42cbca977791171,0,5000,543
253,2015-07-30 15:39:06.000000 UTC,0xbb7b8287f3f0a933474a79eae42cbca977791171,0,5000,543
254,2015-07-30 15:39:08.000000 UTC,0x28921e4e2c9d84f4c0f0c0ceb991f45751a0fe93,0,5000,1073
255,2015-07-30 15:39:11.000000 UTC,0x70137010922f2fc2964b3792907f79fbb75febe8,0,5000,545
256,2015-07-30 15:39:12.000000 UTC,0x28921e4e2c9d84f4c0f0c0ceb991f45751a0fe93,0,5000,1079
257,2015-07-30 15:39:13.000000 UTC,0xbb7b8287f3f0a933474a79eae42cbca977791171,0,5000,544
258,2015-07-30 15:39:14.000000 UTC,0x28921e4e2c9d84f4c0f0c0ceb991f45751a0fe93,0,5000,539
259,2015-07-30 15:39:15.000000 UTC,0x5088d623ba0fcf0131e0897a91734a4d83596aa0,0,5000,1083
260,2015-07-30 15:39:16.000000 UTC,0xbb7b8287f3f0a933474a79eae42cbca977791171,0,5000,544
261,2015-07-30 15:39:18.000000 UTC,0x1b7047b4338acf65be94c1a3e8c5c9338ad7d67c,0,5000,540
262,2015-07-30 15:39:19.000000 UTC,0xbb7b8287f3f0a933474a79eae42cbca977791171,0,5000,544
263,2015-07-30 15:39:22.000000 UTC,0xbb7b8287f3f0a933474a79eae42cbca977791171,0,5000,544
264,2015-07-30 15:39:24.000000 UTC,0xd8030bb90dfc593e614ef0aed456bfe342ad45f5,0,5000,1078
265,2015-07-30 15:39:26.000000 UTC,0xbb7b8287f3f0a933474a79eae42cbca977791171,0,5000,544
266,2015-07-30 15:39:30.000000 UTC,0xa1623430350c5df1b52b0b57483a5bb45d1796da,0,5000,546
267,2015-07-30 15:39:31.000000 UTC,0x5088d623ba0fcf0131e0897a91734a4d83596aa0,0,5000,546
268,2015-07-30 15:39:33.000000 UTC,0xd8030bb90dfc593e614ef0aed456bfe342ad45f5,0,5000,1077
269,2015-07-30 15:39:35.000000 UTC,0x5088d623ba0fcf0131e0897a91734a4d83596aa0,0,5000,546
270,2015-07-30 15:39:36.000000 UTC,0xbb7b8287f3f0a933474a79eae42cbca977791171,0,5000,544
271,2015-07-30 15:39:39.000000 UTC,0xbb7b8287f3f0a933474a79eae42cbca977791171,0,5000,544
272,2015-07-30 15:39:40.000000 UTC,0xf8fffdcb6b8b88372b6ae42257f66d93e5189ac9,0,5000,539
273,2015-07-30 15:39:43.000000 UTC,0x28921e4e2c9d84f4c0f0c0ceb991f45751a0fe93,0,5000,539
274,2015-07-30 15:39:45.000000 UTC,0xbb7b8287f3f0a933474a79eae42cbca977791171,0,5000,544
275,2015-07-30 15:39:49.000000 UTC,0x28921e4e2c9d84f4c0f0c0ceb991f45751a0fe93,0,5000,539
276,2015-07-30 15:39:51.000000 UTC,0xbb7b8287f3f0a933474a79eae42cbca977791171,0,5000,544
277,2015-07-30 15:39:53.000000 UTC,0x90d331f19e4ef54c4dc2710087ebd8536084a85a,0,5000,546
278,2015-07-30 15:39:54.000000 UTC,0xbb7b8287f3f0a933474a79eae42cbca977791171,0,5000,544
279,2015-07-30 15:39:56.000000 UTC,0x48cd680bb700f6b7de89dd9ff4932ccc158c3e05,0,5000,1089
280,2015-07-30 15:39:57.000000 UTC,0x28921e4e2c9d84f4c0f0c0ceb991f45751a0fe93,0,5000,539
281,2015-07-30 15:39:59.000000 UTC,0x1b7047b4338acf65be94c1a3e8c5c9338ad7d67c,0,5000,540
282,2015-07-30 15:40:04.000000 UTC,0x322df8fd261820c36234f806b15f51a2203a8f88,0,5000,546
283,2015-07-30 15:40:05.000000 UTC,0x1b7047b4338acf65be94c1a3e8c5c9338ad7d67c,0,5000,540
284,2015-07-30 15:40:06.000000 UTC,0x1b7047b4338acf65be94c1a3e8c5c9338ad7d67c,0,5000,540
285,2015-07-30 15:40:08.000000 UTC,0xbb7b8287f3f0a933474a79eae42cbca977791171,0,5000,544
286,2015-07-30 15:40:11.000000 UTC,0xacc8decdfdcbed202b8632947c60487494f5d2c7,0,5000,546
287,2015-07-30 15:40:13.000000 UTC,0x28921e4e2c9d84f4c0f0c0ceb991f45751a0fe93,0,5000,1612
288,2015-07-30 15:40:14.000000 UTC,0x28921e4e2c9d84f4c0f0c0ceb991f45751a0fe93,0,5000,539
289,2015-07-30 15:40:15.000000 UTC,0x5088d623ba0fcf0131e0897a91734a4d83596aa0,0,5000,546
290,2015-07-30 15:40:18.000000 UTC,0x28921e4e2c9d84f4c0f0c0ceb991f45751a0fe93,0,5000,1075
291,2015-07-30 15:40:20.000000 UTC,0xbb7b8287f3f0a933474a79eae42cbca977791171,0,5000,544
292,2015-07-30 15:40:24.000000 UTC,0xbb7b8287f3f0a933474a79eae42cbca977791171,0,5000,544
293,2015-07-30 15:40:25.000000 UTC,0xbb7b8287f3f0a933474a79eae42cbca977791171,0,5000,1622
294,2015-07-30 15:40:26.000000 UTC,0x28921e4e2c9d84f4c0f0c0ceb991f45751a0fe93,0,5000,539
295,2015-07-30 15:40:32.000000 UTC,0x1b7047b4338acf65be94c1a3e8c5c9338ad7d67c,0,5000,540
296,2015-07-30 15:40:34.000000 UTC,0xbb7b8287f3f0a933474a79eae42cbca977791171,0,5000,544
297,2015-07-30 15:40:39.000000 UTC,0x1b7047b4338acf65be94c1a3e8c5c9338ad7d67c,0,5000,540
298,2015-07-30 15:40:46.000000 UTC,0x19dafe19f11e960e4ccfc6a5aa8890ebd748ca1e,0,5000,1082
299,2015-07-30 15:40:47.000000 UTC,0x28921e4e2c9d84f4c0f0c0ceb991f45751a0fe93,0,5000,539
300,2015-07-30 15:40:48.000000 UTC,0xbb7b8287f3f0a933474a79eae42cbca977791171,0,5000,544
301,2015-07-30 15:40:49.000000 UTC,0x5088d623ba0fcf0131e0897a91734a4d83596aa0,0,5000,546
302,2015-07-30 15:40:51.000000 UTC,0x1b7047b4338acf65be94c1a3e8c5c9338ad7d67c,0,5000,1076
303,2015-07-30 15:40:54.000000 UTC,0x1b7047b4338acf65be94c1a3e8c5c9338ad7d67c,0,5000,540
304,2015-07-30 15:40:57.000000 UTC,0x28921e4e2c9d84f4c0f0c0ceb991f45751a0fe93,0,5000,539
305,2015-07-30 15:40:58.000000 UTC,0x6923f88fcdc5d737237ba10c2d830aa40f4634de,0,5000,540
306,2015-07-30 15:41:02.000000 UTC,0x28921e4e2c9d84f4c0f0c0ceb991f45751a0fe93,0,5000,539
307,2015-07-30 15:41:04.000000 UTC,0x28921e4e2c9d84f4c0f0c0ceb991f45751a0fe93,0,5000,539
308,2015-07-30 15:41:06.000000 UTC,0xbb7b8287f3f0a933474a79eae42cbca977791171,0,5000,1081
309,2015-07-30 15:41:07.000000 UTC,0xbb7b8287f3f0a933474a79eae42cbca977791171,0,5000,544
310,2015-07-30 15:41:09.000000 UTC,0x90d331f19e4ef54c4dc2710087ebd8536084a85a,0,5000,523
311,2015-07-30 15:41:10.000000 UTC,0x5088d623ba0fcf0131e0897a91734a4d83596aa0,0,5000,546
312,2015-07-30 15:41:12.000000 UTC,0x28921e4e2c9d84f4c0f0c0ceb991f45751a0fe93,0,5000,539
313,2015-07-30 15:41:15.000000 UTC,0xd7e30ae310c1d1800f5b641baa7af95b2e1fd98c,0,5000,1087
314,2015-07-30 15:41:17.000000 UTC,0x28921e4e2c9d84f4c0f0c0ceb991f45751a0fe93,0,5000,539
315,2015-07-30 15:41:20.000000 UTC,0xbb7b8287f3f0a933474a79eae42cbca977791171,0,5000,544
316,2015-07-30 15:41:21.000000 UTC,0xbb7b8287f3f0a933474a79eae42cbca977791171,0,5000,544
317,2015-07-30 15:41:22.000000 UTC,0xbb7b8287f3f0a933474a79eae42cbca977791171,0,5000,544
318,2015-07-30 15:41:23.000000 UTC,0x6923f88fcdc5d737237ba10c2d830aa40f4634de,0,5000,1617
319,2015-07-30 15:41:25.000000 UTC,0x1b7047b4338acf65be94c1a3e8c5c9338ad7d67c,0,5000,540
320,2015-07-30 15:41:30.000000 UTC,0xbb7b8287f3f0a933474a79eae42cbca977791171,0,5000,544
321,2015-07-30 15:41:32.000000 UTC,0x48cd680bb700f6b7de89dd9ff4932ccc158c3e05,0,5000,546
322,2015-07-30 15:41:35.000000 UTC,0xbb7b8287f3f0a933474a79eae42cbca977791171,0,5000,544
323,2015-07-30 15:41:36.000000 UTC,0xbb7b8287f3f0a933474a79eae42cbca977791171,0,5000,544
324,2015-07-30 15:41:38.000000 UTC,0x5088d623ba0fcf0131e0897a91734a4d83596aa0,0,5000,1082
325,2015-07-30 15:41:40.000000 UTC,0xbb7b8287f3f0a933474a79eae42cbca977791171,0,5000,544
326,2015-07-30 15:41:41.000000 UTC,0xbb7b8287f3f0a933474a79eae42cbca977791171,0,5000,1626
327,2015-07-30 15:41:43.000000 UTC,0xbb7b8287f3f0a933474a79eae42cbca977791171,0,5000,1080
328,2015-07-30 15:41:44.000000 UTC,0xa1623430350c5df1b52b0b57483a5bb45d1796da,0,5000,546
329,2015-07-30 15:41:45.000000 UTC,0x28921e4e2c9d84f4c0f0c0ceb991f45751a0fe93,0,5000,539
330,2015-07-30 15:41:46.000000 UTC,0xdd2f1e6e498202e86d8f5442af596580a4f03c2c,0,5000,546
331,2015-07-30 15:41:47.000000 UTC,0xbb7b8287f3f0a933474a79eae42cbca977791171,0,5000,1087
332,2015-07-30 15:41:48.000000 UTC,0xbb7b8287f3f0a933474a79eae42cbca977791171,0,5000,544
333,2015-07-30 15:41:49.000000 UTC,0x5088d623ba0fcf0131e0897a91734a4d83596aa0,0,5000,546
334,2015-07-30 15:41:51.000000 UTC,0xd7e30ae310c1d1800f5b641baa7af95b2e1fd98c,0,5000,546
335,2015-07-30 15:41:53.000000 UTC,0x19dafe19f11e960e4ccfc6a5aa8890ebd748ca1e,0,5000,546
336,2015-07-30 15:41:55.000000 UTC,0x1b7047b4338acf65be94c1a3e8c5c9338ad7d67c,0,5000,540
337,2015-07-30 15:41:57.000000 UTC,0xd7e30ae310c1d1800f5b641baa7af95b2e1fd98c,0,5000,1089
338,2015-07-30 15:42:01.000000 UTC,0xf96ffed8e5116236f560026ae3658ee0f4ebd622,0,5000,541
339,2015-07-30 15:42:05.000000 UTC,0xbb7b8287f3f0a933474a79eae42cbca977791171,0,5000,544
340,2015-07-30 15:42:06.000000 UTC,0x26350da68d694a2ced5cd7a1309baa782966a039,0,5000,539
341,2015-07-30 15:42:12.000000 UTC,0xbb7b8287f3f0a933474a79eae42cbca977791171,0,5000,1087
342,2015-07-30 15:42:13.000000 UTC,0xbb7b8287f3f0a933474a79eae42cbca977791171,0,5000,544
343,2015-07-30 15:42:14.000000 UTC,0x1b7047b4338acf65be94c1a3e8c5c9338ad7d67c,0,5000,540
344,2015-07-30 15:42:19.000000 UTC,0xa1623430350c5df1b52b0b57483a5bb45d1796da,0,5000,546
345,2015-07-30 15:42:20.000000 UTC,0xbb7b8287f3f0a933474a79eae42cbca977791171,0,5000,544
346,2015-07-30 15:42:21.000000 UTC,0xbb7b8287f3f0a933474a79eae42cbca977791171,0,5000,1619
347,2015-07-30 15:42:22.000000 UTC,0xbb7b8287f3f0a933474a79eae42cbca977791171,0,5000,1087
348,2015-07-30 15:42:23.000000 UTC,0x05a56e2d52c817161883f50c441c3228cfe54d9f,0,5000,539
349,2015-07-30 15:42:24.000000 UTC,0x1b7047b4338acf65be94c1a3e8c5c9338ad7d67c,0,5000,540
350,2015-07-30 15:42:27.000000 UTC,0xbb7b8287f3f0a933474a79eae42cbca977791171,0,5000,544
351,2015-07-30 15:42:31.000000 UTC,0x28921e4e2c9d84f4c0f0c0ceb991f45751a0fe93,0,5000,1621
352,2015-07-30 15:42:33.000000 UTC,0xfb7bc66a002762e28545ea0a7fc970d381863c42,0,5000,539
353,2015-07-30 15:42:34.000000 UTC,0xbb7b8287f3f0a933474a79eae42cbca977791171,0,5000,1628
354,2015-07-30 15:42:35.000000 UTC,0x48cd680bb700f6b7de89dd9ff4932ccc158c3e05,0,5000,546
355,2015-07-30 15:42:36.000000 UTC,0xfb7bc66a002762e28545ea0a7fc970d381863c42,0,5000,1075
356,2015-07-30 15:42:38.000000 UTC,0xbb7b8287f3f0a933474a79eae42cbca977791171,0,5000,544
357,2015-07-30 15:42:40.000000 UTC,0xbb7b8287f3f0a933474a79eae42cbca977791171,0,5000,544
358,2015-07-30 15:42:41.000000 UTC,0x5088d623ba0fcf0131e0897a91734a4d83596aa0,0,5000,546
359,2015-07-30 15:42:42.000000 UTC,0xbb7b8287f3f0a933474a79eae42cbca977791171,0,5000,1085
360,2015-07-30 15:42:43.000000 UTC,0x28921e4e2c9d84f4c0f0c0ceb991f45751a0fe93,0,5000,539
361,2015-07-30 15:42:44.000000 UTC,0xbb7b8287f3f0a933474a79eae42cbca977791171,0,5000,544
362,2015-07-30 15:42:45.000000 UTC,0xbb7b8287f3f0a933474a79eae42cbca977791171,0,5000,544
363,2015-07-30 15:42:46.000000 UTC,0xa1623430350c5df1b52b0b57483a5bb45d1796da,0,5000,546
364,2015-07-30 15:42:49.000000 UTC,0xbb7b8287f3f0a933474a79eae42cbca977791171,0,5000,1085
365,2015-07-30 15:42:50.000000 UTC,0x1b7047b4338acf65be94c1a3e8c5c9338ad7d67c,0,5000,1076
366,2015-07-30 15:42:51.000000 UTC,0xbb7b8287f3f0a933474a79eae42cbca977791171,0,5000,544
367,2015-07-30 15:42:53.000000 UTC,0xbb7b8287f3f0a933474a79eae42cbca977791171,0,5000,544
368,2015-07-30 15:42:54.000000 UTC,0xbb7b8287f3f0a933474a79eae42cbca977791171,0,5000,1085
369,2015-07-30 15:42:55.000000 UTC,0x5088d623ba0fcf0131e0897a91734a4d83596aa0,0,5000,546
370,2015-07-30 15:42:57.000000 UTC,0xbb7b8287f3f0a933474a79eae42cbca977791171,0,5000,544
371,2015-07-30 15:42:59.000000 UTC,0x306e6267d94f23a9b37cb110f20852208fbbf1aa,0,5000,541
372,2015-07-30 15:43:02.000000 UTC,0xbb7b8287f3f0a933474a79eae42cbca977791171,0,5000,544
373,2015-07-30 15:43:03.000000 UTC,0xbb7b8287f3f0a933474a79eae42cbca977791171,0,5000,1087
374,2015-07-30 15:43:06.000000 UTC,0xbb7b8287f3f0a933474a79eae42cbca977791171,0,5000,1080
375,2015-07-30 15:43:07.000000 UTC,0xbb7b8287f3f0a933474a79eae42cbca977791171,0,5000,544
376,2015-07-30 15:43:10.000000 UTC,0xbb7b8287f3f0a933474a79eae42cbca977791171,0,5000,544
377,2015-07-30 15:43:11.000000 UTC,0xd7e30ae310c1d1800f5b641baa7af95b2e1fd98c,0,5000,546
378,2015-07-30 15:43:13.000000 UTC,0x0193d941b50d91be6567c7ee1c0fe7af498b4137,0,5000,539
379,2015-07-30 15:43:14.000000 UTC,0xd7e30ae310c1d1800f5b641baa7af95b2e1fd98c,0,5000,1087
380,2015-07-30 15:43:16.000000 UTC,0x5088d623ba0fcf0131e0897a91734a4d83596aa0,0,5000,546
381,2015-07-30 15:43:19.000000 UTC,0xbb7b8287f3f0a933474a79eae42cbca977791171,0,5000,1087
382,2015-07-30 15:43:20.000000 UTC,0x5088d623ba0fcf0131e0897a91734a4d83596aa0,0,5000,546
383,2015-07-30 15:43:22.000000 UTC,0xacc8decdfdcbed202b8632947c60487494f5d2c7,0,5000,1082
384,2015-07-30 15:43:24.000000 UTC,0x35deaa40cde6e57c442b836ad9848d2227e6e9ad,0,5000,1087
385,2015-07-30 15:43:25.000000 UTC,0x0193d941b50d91be6567c7ee1c0fe7af498b4137,0,5000,539
386,2015-07-30 15:43:26.000000 UTC,0x5088d623ba0fcf0131e0897a91734a4d83596aa0,0,5000,546
387,2015-07-30 15:43:27.000000 UTC,0xbb7b8287f3f0a933474a79eae42cbca977791171,0,5000,544
388,2015-07-30 15:43:28.000000 UTC,0x5088d623ba0fcf0131e0897a91734a4d83596aa0,0,5000,546
389,2015-07-30 15:43:29.000000 UTC,0xbb7b8287f3f0a933474a79eae42cbca977791171,0,5000,1087
390,2015-07-30 15:43:30.000000 UTC,0x90d331f19e4ef54c4dc2710087ebd8536084a85a,0,5000,523
391,2015-07-30 15:43:35.000000 UTC,0x1b7047b4338acf65be94c1a3e8c5c9338ad7d67c,0,5000,540
392,2015-07-30 15:43:38.000000 UTC,0xbb7b8287f3f0a933474a79eae42cbca977791171,0,5000,544
393,2015-07-30 15:43:41.000000 UTC,0xbb7b8287f3f0a933474a79eae42cbca977791171,0,5000,544
394,2015-07-30 15:43:43.000000 UTC,0x3cda97032227293aaeaef72f44c1adcfc3daf366,0,5000,1089
395,2015-07-30 15:43:44.000000 UTC,0x1b7047b4338acf65be94c1a3e8c5c9338ad7d67c,0,5000,540
396,2015-07-30 15:43:46.000000 UTC,0xb5edd17d2582a94610ebf0c6832c1652ebbbe210,0,5000,1083
397,2015-07-30 15:43:49.000000 UTC,0xbb7b8287f3f0a933474a79eae42cbca977791171,0,5000,544
398,2015-07-30 15:43:50.000000 UTC,0xbb7b8287f3f0a933474a79eae42cbca977791171,0,5000,544
399,2015-07-30 15:43:51.000000 UTC,0x0193d941b50d91be6567c7ee1c0fe7af498b4137,0,5000,1082
400,2015-07-30 15:43:52.000000 UTC,0x28921e4e2c9d84f4c0f0c0ceb991f45751a0fe93,0,5000,539
401,2015-07-30 15:43:55.000000 UTC,0x5088d623ba0fcf0131e0897a91734a4d83596aa0,0,5000,546
402,2015-07-30 15:43:56.000000 UTC,0xbb7b8287f3f0a933474a79eae42cbca977791171,0,5000,1085
403,2015-07-30 15:43:59.000000 UTC,0x5088d623ba0fcf0131e0897a91734a4d83596aa0,0,5000,1083
404,2015-07-30 15:44:00.000000 UTC,0x5088d623ba0fcf0131e0897a91734a4d83596aa0,0,5000,546
405,2015-07-30 15:44:01.000000 UTC,0x126b8ba0aa5166f8d3a5d6b849ea798343bfe21c,0,5000,546
406,2015-07-30 15:44:04.000000 UTC,0x3cda97032227293aaeaef72f44c1adcfc3daf366,0,5000,546
407,2015-07-30 15:44:06.000000 UTC,0xbb7b8287f3f0a933474a79eae42cbca977791171,0,5000,1087
408,2015-07-30 15:44:07.000000 UTC,0x64be1c1a0198370f53b2081e15478be3135d6bef,0,5000,546
409,2015-07-30 15:44:08.000000 UTC,0xbb7b8287f3f0a933474a79eae42cbca977791171,0,5000,1087
410,2015-07-30 15:44:09.000000 UTC,0xbb7b8287f3f0a933474a79eae42cbca977791171,0,5000,1087
411,2015-07-30 15:44:11.000000 UTC,0x5088d623ba0fcf0131e0897a91734a4d83596aa0,0,5000,1089
412,2015-07-30 15:44:13.000000 UTC,0xbb7b8287f3f0a933474a79eae42cbca977791171,0,5000,544
413,2015-07-30 15:44:15.000000 UTC,0x5088d623ba0fcf0131e0897a91734a4d83596aa0,0,5000,546
414,2015-07-30 15:44:17.000000 UTC,0xa1623430350c5df1b52b0b57483a5bb45d1796da,0,5000,1082
415,2015-07-30 15:44:18.000000 UTC,0x1b7047b4338acf65be94c1a3e8c5c9338ad7d67c,0,5000,540
416,2015-07-30 15:44:20.000000 UTC,0xa1623430350c5df1b52b0b57483a5bb45d1796da,0,5000,546
417,2015-07-30 15:44:22.000000 UTC,0xbb7b8287f3f0a933474a79eae42cbca977791171,0,5000,1623
418,2015-07-30 15:44:23.000000 UTC,0x5088d623ba0fcf0131e0897a91734a4d83596aa0,0,5000,546
419,2015-07-30 15:44:24.000000 UTC,0xbb7b8287f3f0a933474a79eae42cbca977791171,0,5000,544
420,2015-07-30 15:44:26.000000 UTC,0x28921e4e2c9d84f4c0f0c0ceb991f45751a0fe93,0,5000,1082
421,2015-07-30 15:44:27.000000 UTC,0x1b7047b4338acf65be94c1a3e8c5c9338ad7d67c,0,5000,540
422,2015-07-30 15:44:30.000000 UTC,0x1b7047b4338acf65be94c1a3e8c5c9338ad7d67c,0,5000,540
423,2015-07-30 15:44:34.000000 UTC,0xbb7b8287f3f0a933474a79eae42cbca977791171,0,5000,1085
424,2015-07-30 15:44:35.000000 UTC,0xbb7b8287f3f0a933474a79eae42cbca977791171,0,5000,1087
425,2015-07-30 15:44:36.000000 UTC,0xbb7b8287f3f0a933474a79eae42cbca977791171,0,5000,544
426,2015-07-30 15:44:37.000000 UTC,0x0193d941b50d91be6567c7ee1c0fe7af498b4137,0,5000,539
427,2015-07-30 15:44:40.000000 UTC,0xbb7b8287f3f0a933474a79eae42cbca977791171,0,5000,544
428,2015-07-30 15:44:42.000000 UTC,0x28921e4e2c9d84f4c0f0c0ceb991f45751a0fe93,0,5000,1076
429,2015-07-30 15:44:43.000000 UTC,0x0193d941b50d91be6567c7ee1c0fe7af498b4137,0,5000,1080
430,2015-07-30 15:44:45.000000 UTC,0x661eedd93da06499d3220aa2adf05d6d2417e60c,0,5000,546
431,2015-07-30 15:44:49.000000 UTC,0x5088d623ba0fcf0131e0897a91734a4d83596aa0,0,5000,546
432,2015-07-30 15:44:50.000000 UTC,0xbb7b8287f3f0a933474a79eae42cbca977791171,0,5000,1087
433,2015-07-30 15:44:54.000000 UTC,0xaf9c0e1396a3b98e086e44be36d5fa20da1768bd,0,5000,1082
434,2015-07-30 15:44:55.000000 UTC,0xbb7b8287f3f0a933474a79eae42cbca977791171,0,5000,544
435,2015-07-30 15:44:57.000000 UTC,0xbb7b8287f3f0a933474a79eae42cbca977791171,0,5000,544
436,2015-07-30 15:45:00.000000 UTC,0xbb7b8287f3f0a933474a79eae42cbca977791171,0,5000,544
437,2015-07-30 15:45:02.000000 UTC,0xbb7b8287f3f0a933474a79eae42cbca977791171,0,5000,544
438,2015-07-30 15:45:03.000000 UTC,0xbb7b8287f3f0a933474a79eae42cbca977791171,0,5000,544
439,2015-07-30 15:45:08.000000 UTC,0x90d331f19e4ef54c4dc2710087ebd8536084a85a,0,5000,523
440,2015-07-30 15:45:09.000000 UTC,0xbb7b8287f3f0a933474a79eae42cbca977791171,0,5000,544
441,2015-07-30 15:45:10.000000 UTC,0xbb7b8287f3f0a933474a79eae42cbca977791171,0,5000,544
442,2015-07-30 15:45:11.000000 UTC,0x1b7047b4338acf65be94c1a3e8c5c9338ad7d67c,0,5000,540
443,2015-07-30 15:45:13.000000 UTC,0x28921e4e2c9d84f4c0f0c0ceb991f45751a0fe93,0,5000,539
444,2015-07-30 15:45:16.000000 UTC,0x28921e4e2c9d84f4c0f0c0ceb991f45751a0fe93,0,5000,539
445,2015-07-30 15:45:18.000000 UTC,0xbb7b8287f3f0a933474a79eae42cbca977791171,0,5000,544
446,2015-07-30 15:45:20.000000 UTC,0xa1623430350c5df1b52b0b57483a5bb45d1796da,0,5000,1087
447,2015-07-30 15:45:21.000000 UTC,0xbb7b8287f3f0a933474a79eae42cbca977791171,0,5000,544
448,2015-07-30 15:45:23.000000 UTC,0x19dafe19f11e960e4ccfc6a5aa8890ebd748ca1e,0,5000,546
449,2015-07-30 15:45:24.000000 UTC,0xbb7b8287f3f0a933474a79eae42cbca977791171,0,5000,544
450,2015-07-30 15:45:25.000000 UTC,0xdd2f1e6e498202e86d8f5442af596580a4f03c2c,0,5000,546
451,2015-07-30 15:45:26.000000 UTC,0x28921e4e2c9d84f4c0f0c0ceb991f45751a0fe93,0,5000,539
452,2015-07-30 15:45:27.000000 UTC,0xfb7bc66a002762e28545ea0a7fc970d381863c42,0,5000,539
453,2015-07-30 15:45:28.000000 UTC,0x28921e4e2c9d84f4c0f0c0ceb991f45751a0fe93,0,5000,539
454,2015-07-30 15:45:30.000000 UTC,0xbb7b8287f3f0a933474a79eae42cbca977791171,0,5000,544
455,2015-07-30 15:45:35.000000 UTC,0x28921e4e2c9d84f4c0f0c0ceb991f45751a0fe93,0,5000,1082
456,2015-07-30 15:45:36.000000 UTC,0xa1623430350c5df1b52b0b57483a5bb45d1796da,0,5000,546
457,2015-07-30 15:45:37.000000 UTC,0xbb7b8287f3f0a933474a79eae42cbca977791171,0,5000,544
458,2015-07-30 15:45:38.000000 UTC,0xbb7b8287f3f0a933474a79eae42cbca977791171,0,5000,544
459,2015-07-30 15:45:40.000000 UTC,0xa1623430350c5df1b52b0b57483a5bb45d1796da,0,5000,546
460,2015-07-30 15:45:42.000000 UTC,0x5088d623ba0fcf0131e0897a91734a4d83596aa0,0,5000,546
461,2015-07-30 15:45:44.000000 UTC,0xbb7b8287f3f0a933474a79eae42cbca977791171,0,5000,544
462,2015-07-30 15:45:45.000000 UTC,0x28921e4e2c9d84f4c0f0c0ceb991f45751a0fe93,0,5000,539
463,2015-07-30 15:45:46.000000 UTC,0xbb7b8287f3f0a933474a79eae42cbca977791171,0,5000,544
464,2015-07-30 15:45:47.000000 UTC,0x5088d623ba0fcf0131e0897a91734a4d83596aa0,0,5000,546
465,2015-07-30 15:45:48.000000 UTC,0xbb7b8287f3f0a933474a79eae42cbca977791171,0,5000,544
466,2015-07-30 15:45:49.000000 UTC,0xbb7b8287f3f0a933474a79eae42cbca977791171,0,5000,1082
467,2015-07-30 15:45:50.000000 UTC,0xbb7b8287f3f0a933474a79eae42cbca977791171,0,5000,544
468,2015-07-30 15:45:51.000000 UTC,0xbb7b8287f3f0a933474a79eae42cbca977791171,0,5000,1080
469,2015-07-30 15:45:56.000000 UTC,0x28921e4e2c9d84f4c0f0c0ceb991f45751a0fe93,0,5000,1619
470,2015-07-30 15:45:58.000000 UTC,0x8686578c4f7c75246f548299d6ffdac3b67b5cd1,0,5000,539
471,2015-07-30 15:46:00.000000 UTC,0x28921e4e2c9d84f4c0f0c0ceb991f45751a0fe93,0,5000,539
472,2015-07-30 15:46:02.000000 UTC,0x28921e4e2c9d84f4c0f0c0ceb991f45751a0fe93,0,5000,539
473,2015-07-30 15:46:06.000000 UTC,0xd7e30ae310c1d1800f5b641baa7af95b2e1fd98c,0,5000,546
474,2015-07-30 15:46:08.000000 UTC,0x28921e4e2c9d84f4c0f0c0ceb991f45751a0fe93,0,5000,539
475,2015-07-30 15:46:09.000000 UTC,0xbb7b8287f3f0a933474a79eae42cbca977791171,0,5000,544
476,2015-07-30 15:46:10.000000 UTC,0xbb7b8287f3f0a933474a79eae42cbca977791171,0,5000,544
477,2015-07-30 15:46:11.000000 UTC,0x0617194e49baad419b57fb8ebba265e417362835,0,5000,1083
478,2015-07-30 15:46:15.000000 UTC,0x28921e4e2c9d84f4c0f0c0ceb991f45751a0fe93,0,5000,539
479,2015-07-30 15:46:19.000000 UTC,0xbb7b8287f3f0a933474a79eae42cbca977791171,0,5000,544
480,2015-07-30 15:46:20.000000 UTC,0xbb7b8287f3f0a933474a79eae42cbca977791171,0,5000,544
481,2015-07-30 15:46:21.000000 UTC,0xbb7b8287f3f0a933474a79eae42cbca977791171,0,5000,544
482,2015-07-30 15:46:22.000000 UTC,0x5088d623ba0fcf0131e0897a91734a4d83596aa0,0,5000,546
483,2015-07-30 15:46:23.000000 UTC,0x5088d623ba0fcf0131e0897a91734a4d83596aa0,0,5000,1082
484,2015-07-30 15:46:24.000000 UTC,0xbb7b8287f3f0a933474a79eae42cbca977791171,0,5000,1622
485,2015-07-30 15:46:26.000000 UTC,0xbb7b8287f3f0a933474a79eae42cbca977791171,0,5000,1087
486,2015-07-30 15:46:29.000000 UTC,0x0193d941b50d91be6567c7ee1c0fe7af498b4137,0,5000,539
487,2015-07-30 15:46:31.000000 UTC,0xbb7b8287f3f0a933474a79eae42cbca977791171,0,5000,1087
488,2015-07-30 15:46:33.000000 UTC,0xdd2f1e6e498202e86d8f5442af596580a4f03c2c,0,5000,546
489,2015-07-30 15:46:35.000000 UTC,0x90d331f19e4ef54c4dc2710087ebd8536084a85a,0,5000,523
490,2015-07-30 15:46:36.000000 UTC,0xbb7b8287f3f0a933474a79eae42cbca977791171,0,5000,1081
491,2015-07-30 15:46:37.000000 UTC,0xbb7b8287f3f0a933474a79eae42cbca977791171,0,5000,544
492,2015-07-30 15:46:38.000000 UTC,0x1b7047b4338acf65be94c1a3e8c5c9338ad7d67c,0,5000,540
493,2015-07-30 15:46:40.000000 UTC,0xbb7b8287f3f0a933474a79eae42cbca977791171,0,5000,1087
494,2015-07-30 15:46:41.000000 UTC,0x1b7047b4338acf65be94c1a3e8c5c9338ad7d67c,0,5000,540
495,2015-07-30 15:46:43.000000 UTC,0xd7e30ae310c1d1800f5b641baa7af95b2e1fd98c,0,5000,546
496,2015-07-30 15:46:45.000000 UTC,0x28921e4e2c9d84f4c0f0c0ceb991f45751a0fe93,0,5000,539
497,2015-07-30 15:46:47.000000 UTC,0x9ab9f7a4b85412bfbe2f4f63b1c98808851c4f32,0,5000,539
498,2015-07-30 15:46:48.000000 UTC,0xbb7b8287f3f0a933474a79eae42cbca977791171,0,5000,1087
499,2015-07-30 15:46:51.000000 UTC,0x28921e4e2c9d84f4c0f0c0ceb991f45751a0fe93,0,5000,1080
500,2015-07-30 15:46:52.000000 UTC,0x28921e4e2c9d84f4c0f0c0ceb991f45751a0fe93,0,5000,1075
501,2015-07-30 15:46:54.000000 UTC,0x35e8e5dc5fbd97c5b421a80b596c030a2be2a04d,0,5000,539
502,2015-07-30 15:46:56.000000 UTC,0xbb7b8287f3f0a933474a79eae42cbca977791171,0,5000,544
503,2015-07-30 15:46:57.000000 UTC,0xd7e30ae310c1d1800f5b641baa7af95b2e1fd98c,0,5000,546
504,2015-07-30 15:47:00.000000 UTC,0xd7e30ae310c1d1800f5b641baa7af95b2e1fd98c,0,5000,546
505,2015-07-30 15:47:02.000000 UTC,0x5088d623ba0fcf0131e0897a91734a4d83596aa0,0,5000,546
506,2015-07-30 15:47:04.000000 UTC,0x1b7047b4338acf65be94c1a3e8c5c9338ad7d67c,0,5000,540
507,2015-07-30 15:47:06.000000 UTC,0xbb7b8287f3f0a933474a79eae42cbca977791171,0,5000,544
508,2015-07-30 15:47:07.000000 UTC,0xbb7b8287f3f0a933474a79eae42cbca977791171,0,5000,1628
509,2015-07-30 15:47:08.000000 UTC,0x5088d623ba0fcf0131e0897a91734a4d83596aa0,0,5000,1082
510,2015-07-30 15:47:14.000000 UTC,0xbb7b8287f3f0a933474a79eae42cbca977791171,0,5000,544
511,2015-07-30 15:47:15.000000 UTC,0x5088d623ba0fcf0131e0897a91734a4d83596aa0,0,5000,546
512,2015-07-30 15:47:16.000000 UTC,0x5088d623ba0fcf0131e0897a91734a4d83596aa0,0,5000,1623
513,2015-07-30 15:47:17.000000 UTC,0xd7e30ae310c1d1800f5b641baa7af95b2e1fd98c,0,5000,546
514,2015-07-30 15:47:18.000000 UTC,0x28921e4e2c9d84f4c0f0c0ceb991f45751a0fe93,0,5000,539
515,2015-07-30 15:47:19.000000 UTC,0x5088d623ba0fcf0131e0897a91734a4d83596aa0,0,5000,1082
516,2015-07-30 15:47:22.000000 UTC,0x63477790121a8b21b3478dab2672a1a6fad4d52f,0,5000,546
517,2015-07-30 15:47:24.000000 UTC,0xbb7b8287f3f0a933474a79eae42cbca977791171,0,5000,544
518,2015-07-30 15:47:25.000000 UTC,0x28921e4e2c9d84f4c0f0c0ceb991f45751a0fe93,0,5000,539
519,2015-07-30 15:47:26.000000 UTC,0xbb7b8287f3f0a933474a79eae42cbca977791171,0,5000,544
520,2015-07-30 15:47:28.000000 UTC,0xbb7b8287f3f0a933474a79eae42cbca977791171,0,5000,544
521,2015-07-30 15:47:30.000000 UTC,0x1b7047b4338acf65be94c1a3e8c5c9338ad7d67c,0,5000,540
522,2015-07-30 15:47:32.000000 UTC,0x0193d941b50d91be6567c7ee1c0fe7af498b4137,0,5000,539
523,2015-07-30 15:47:34.000000 UTC,0xc1cdc601f89c0428b31302d187e0dc08ad7d1c57,0,5000,546
524,2015-07-30 15:47:35.000000 UTC,0x5088d623ba0fcf0131e0897a91734a4d83596aa0,0,5000,546
525,2015-07-30 15:47:39.000000 UTC,0xbb7b8287f3f0a933474a79eae42cbca977791171,0,5000,544
526,2015-07-30 15:47:42.000000 UTC,0x1b7047b4338acf65be94c1a3e8c5c9338ad7d67c,0,5000,540
527,2015-07-30 15:47:44.000000 UTC,0xbb7b8287f3f0a933474a79eae42cbca977791171,0,5000,544
528,2015-07-30 15:47:50.000000 UTC,0xbb7b8287f3f0a933474a79eae42cbca977791171,0,5000,1080
529,2015-07-30 15:47:52.000000 UTC,0xdb312d1d6a2ccc64dd94a3892928bac82b4e8c15,0,5000,546
530,2015-07-30 15:47:55.000000 UTC,0x957523c697993cb24fcf75efbce4f228325e7383,0,5000,539
531,2015-07-30 15:47:59.000000 UTC,0xad4910a62f2702d3d19a74d271d6702e7e961949,0,5000,1089
532,2015-07-30 15:48:01.000000 UTC,0xbb7b8287f3f0a933474a79eae42cbca977791171,0,5000,544
533,2015-07-30 15:48:02.000000 UTC,0x5088d623ba0fcf0131e0897a91734a4d83596aa0,0,5000,546
534,2015-07-30 15:48:03.000000 UTC,0x5088d623ba0fcf0131e0897a91734a4d83596aa0,0,5000,546
535,2015-07-30 15:48:07.000000 UTC,0xbb7b8287f3f0a933474a79eae42cbca977791171,0,5000,544
536,2015-07-30 15:48:08.000000 UTC,0xbb7b8287f3f0a933474a79eae42cbca977791171,0,5000,544
537,2015-07-30 15:48:10.000000 UTC,0xbb7b8287f3f0a933474a79eae42cbca977791171,0,5000,544
538,2015-07-30 15:48:13.000000 UTC,0xdd2f1e6e498202e86d8f5442af596580a4f03c2c,0,5000,1628
539,2015-07-30 15:48:14.000000 UTC,0xbb7b8287f3f0a933474a79eae42cbca977791171,0,5000,544
540,2015-07-30 15:48:16.000000 UTC,0x28921e4e2c9d84f4c0f0c0ceb991f45751a0fe93,0,5000,539
541,2015-07-30 15:48:17.000000 UTC,0xbb7b8287f3f0a933474a79eae42cbca977791171,0,5000,544
542,2015-07-30 15:48:19.000000 UTC,0xbb7b8287f3f0a933474a79eae42cbca977791171,0,5000,1087
543,2015-07-30 15:48:21.000000 UTC,0x5088d623ba0fcf0131e0897a91734a4d83596aa0,0,5000,546
544,2015-07-30 15:48:22.000000 UTC,0xbb7b8287f3f0a933474a79eae42cbca977791171,0,5000,544
545,2015-07-30 15:48:25.000000 UTC,0xbb7b8287f3f0a933474a79eae42cbca977791171,0,5000,1080
546,2015-07-30 15:48:27.000000 UTC,0x5088d623ba0fcf0131e0897a91734a4d83596aa0,0,5000,546
547,2015-07-30 15:48:28.000000 UTC,0x322df8fd261820c36234f806b15f51a2203a8f88,0,5000,546
548,2015-07-30 15:48:30.000000 UTC,0xbb7b8287f3f0a933474a79eae42cbca977791171,0,5000,544
549,2015-07-30 15:48:31.000000 UTC,0xbb7b8287f3f0a933474a79eae42cbca977791171,0,5000,1087
550,2015-07-30 15:48:32.000000 UTC,0x28921e4e2c9d84f4c0f0c0ceb991f45751a0fe93,0,5000,539
551,2015-07-30 15:48:33.000000 UTC,0x5088d623ba0fcf0131e0897a91734a4d83596aa0,0,5000,546
552,2015-07-30 15:48:36.000000 UTC,0x35e8e5dc5fbd97c5b421a80b596c030a2be2a04d,0,5000,539
553,2015-07-30 15:48:39.000000 UTC,0x1b7047b4338acf65be94c1a3e8c5c9338ad7d67c,0,5000,540
554,2015-07-30 15:48:40.000000 UTC,0x1b7047b4338acf65be94c1a3e8c5c9338ad7d67c,0,5000,540
555,2015-07-30 15:48:42.000000 UTC,0xbb7b8287f3f0a933474a79eae42cbca977791171,0,5000,1082
556,2015-07-30 15:48:44.000000 UTC,0xbb7b8287f3f0a933474a79eae42cbca977791171,0,5000,1087
557,2015-07-30 15:48:45.000000 UTC,0xcedf8ebb5ee36636816b0cc979a22efde57015d6,0,5000,539
558,2015-07-30 15:48:48.000000 UTC,0x5088d623ba0fcf0131e0897a91734a4d83596aa0,0,5000,546
559,2015-07-30 15:48:51.000000 UTC,0x68ffa706761da2294d90488b32526ffe7fb2ff8d,0,5000,539
560,2015-07-30 15:48:52.000000 UTC,0xbb7b8287f3f0a933474a79eae42cbca977791171,0,5000,1081
561,2015-07-30 15:48:53.000000 UTC,0x1b7047b4338acf65be94c1a3e8c5c9338ad7d67c,0,5000,540
562,2015-07-30 15:48:55.000000 UTC,0x1b7047b4338acf65be94c1a3e8c5c9338ad7d67c,0,5000,540
563,2015-07-30 15:48:57.000000 UTC,0xbb7b8287f3f0a933474a79eae42cbca977791171,0,5000,1080
564,2015-07-30 15:48:59.000000 UTC,0xf90b585a1e878ee18838b2688687e670bcf29d35,0,5000,1082
565,2015-07-30 15:49:01.000000 UTC,0x5088d623ba0fcf0131e0897a91734a4d83596aa0,0,5000,546
566,2015-07-30 15:49:05.000000 UTC,0x28921e4e2c9d84f4c0f0c0ceb991f45751a0fe93,0,5000,1082
567,2015-07-30 15:49:06.000000 UTC,0xa1623430350c5df1b52b0b57483a5bb45d1796da,0,5000,546
568,2015-07-30 15:49:07.000000 UTC,0x5088d623ba0fcf0131e0897a91734a4d83596aa0,0,5000,1089
569,2015-07-30 15:49:08.000000 UTC,0xbb7b8287f3f0a933474a79eae42cbca977791171,0,5000,544
570,2015-07-30 15:49:12.000000 UTC,0xbb7b8287f3f0a933474a79eae42cbca977791171,0,5000,544
571,2015-07-30 15:49:13.000000 UTC,0xbb7b8287f3f0a933474a79eae42cbca977791171,0,5000,544
572,2015-07-30 15:49:15.000000 UTC,0xbb7b8287f3f0a933474a79eae42cbca977791171,0,5000,544
573,2015-07-30 15:49:16.000000 UTC,0x28921e4e2c9d84f4c0f0c0ceb991f45751a0fe93,0,5000,539
574,2015-07-30 15:49:17.000000 UTC,0xbb7b8287f3f0a933474a79eae42cbca977791171,0,5000,544
575,2015-07-30 15:49:19.000000 UTC,0x70137010922f2fc2964b3792907f79fbb75febe8,0,5000,1082
576,2015-07-30 15:49:21.000000 UTC,0xbb7b8287f3f0a933474a79eae42cbca977791171,0,5000,544
577,2015-07-30 15:49:23.000000 UTC,0x1b7047b4338acf65be94c1a3e8c5c9338ad7d67c,0,5000,540
578,2015-07-30 15:49:25.000000 UTC,0x5088d623ba0fcf0131e0897a91734a4d83596aa0,0,5000,1082
579,2015-07-30 15:49:26.000000 UTC,0xbb7b8287f3f0a933474a79eae42cbca977791171,0,5000,544
580,2015-07-30 15:49:27.000000 UTC,0xad4910a62f2702d3d19a74d271d6702e7e961949,0,5000,546
581,2015-07-30 15:49:29.000000 UTC,0x5088d623ba0fcf0131e0897a91734a4d83596aa0,0,5000,546
582,2015-07-30 15:49:31.000000 UTC,0x5088d623ba0fcf0131e0897a91734a4d83596aa0,0,5000,546
583,2015-07-30 15:49:33.000000 UTC,0xdd2f1e6e498202e86d8f5442af596580a4f03c2c,0,5000,1087
584,2015-07-30 15:49:40.000000 UTC,0xa1623430350c5df1b52b0b57483a5bb45d1796da,0,5000,1089
585,2015-07-30 15:49:44.000000 UTC,0x28921e4e2c9d84f4c0f0c0ceb991f45751a0fe93,0,5000,539
586,2015-07-30 15:49:46.000000 UTC,0xbb7b8287f3f0a933474a79eae42cbca977791171,0,5000,544
587,2015-07-30 15:49:47.000000 UTC,0xbb7b8287f3f0a933474a79eae42cbca977791171,0,5000,544
588,2015-07-30 15:49:49.000000 UTC,0xbb7b8287f3f0a933474a79eae42cbca977791171,0,5000,544
589,2015-07-30 15:49:50.000000 UTC,0xd7e30ae310c1d1800f5b641baa7af95b2e1fd98c,0,5000,546
590,2015-07-30 15:49:52.000000 UTC,0x1b7047b4338acf65be94c1a3e8c5c9338ad7d67c,0,5000,540
591,2015-07-30 15:49:53.000000 UTC,0x0193d941b50d91be6567c7ee1c0fe7af498b4137,0,5000,1082
592,2015-07-30 15:49:54.000000 UTC,0xbb7b8287f3f0a933474a79eae42cbca977791171,0,5000,544
593,2015-07-30 15:49:56.000000 UTC,0x1b7047b4338acf65be94c1a3e8c5c9338ad7d67c,0,5000,1083
594,2015-07-30 15:50:00.000000 UTC,0xc1cdc601f89c0428b31302d187e0dc08ad7d1c57,0,5000,546
595,2015-07-30 15:50:01.000000 UTC,0xa1623430350c5df1b52b0b57483a5bb45d1796da,0,5000,546
596,2015-07-30 15:50:02.000000 UTC,0xbb7b8287f3f0a933474a79eae42cbca977791171,0,5000,544
597,2015-07-30 15:50:04.000000 UTC,0xbb7b8287f3f0a933474a79eae42cbca977791171,0,5000,1064
598,2015-07-30 15:50:06.000000 UTC,0xbb7b8287f3f0a933474a79eae42cbca977791171,0,5000,1628
599,2015-07-30 15:50:08.000000 UTC,0xbb7b8287f3f0a933474a79eae42cbca977791171,0,5000,544
600,2015-07-30 15:50:13.000000 UTC,0xbb7b8287f3f0a933474a79eae42cbca977791171,0,5000,544
601,2015-07-30 15:50:14.000000 UTC,0xbb7b8287f3f0a933474a79eae42cbca977791171,0,5000,1616
602,2015-07-30 15:50:15.000000 UTC,0x28921e4e2c9d84f4c0f0c0ceb991f45751a0fe93,0,5000,1082
603,2015-07-30 15:50:16.000000 UTC,0xbb7b8287f3f0a933474a79eae42cbca977791171,0,5000,544
604,2015-07-30 15:50:17.000000 UTC,0xd7e30ae310c1d1800f5b641baa7af95b2e1fd98c,0,5000,1082
605,2015-07-30 15:50:20.000000 UTC,0xbb7b8287f3f0a933474a79eae42cbca977791171,0,5000,544
606,2015-07-30 15:50:21.000000 UTC,0xbb7b8287f3f0a933474a79eae42cbca977791171,0,5000,544
607,2015-07-30 15:50:22.000000 UTC,0x2f85b3bf062769b2a2672200afb21e3f4067a86d,0,5000,546
608,2015-07-30 15:50:23.000000 UTC,0xbb7b8287f3f0a933474a79eae42cbca977791171,0,5000,544
609,2015-07-30 15:50:24.000000 UTC,0xa1623430350c5df1b52b0b57483a5bb45d1796da,0,5000,546
610,2015-07-30 15:50:27.000000 UTC,0x5088d623ba0fcf0131e0897a91734a4d83596aa0,0,5000,546
611,2015-07-30 15:50:29.000000 UTC,0x28921e4e2c9d84f4c0f0c0ceb991f45751a0fe93,0,5000,1080
612,2015-07-30 15:50:31.000000 UTC,0x5088d623ba0fcf0131e0897a91734a4d83596aa0,0,5000,546
613,2015-07-30 15:50:33.000000 UTC,0x5088d623ba0fcf0131e0897a91734a4d83596aa0,0,5000,1082
614,2015-07-30 15:50:34.000000 UTC,0x0193d941b50d91be6567c7ee1c0fe7af498b4137,0,5000,539
615,2015-07-30 15:50:36.000000 UTC,0xbb7b8287f3f0a933474a79eae42cbca977791171,0,5000,544
616,2015-07-30 15:50:37.000000 UTC,0xa1623430350c5df1b52b0b57483a5bb45d1796da,0,5000,1625
617,2015-07-30 15:50:38.000000 UTC,0x5088d623ba0fcf0131e0897a91734a4d83596aa0,0,5000,546
618,2015-07-30 15:50:40.000000 UTC,0x28921e4e2c9d84f4c0f0c0ceb991f45751a0fe93,0,5000,1619
619,2015-07-30 15:50:43.000000 UTC,0x70137010922f2fc2964b3792907f79fbb75febe8,0,5000,546
620,2015-07-30 15:50:44.000000 UTC,0xbb7b8287f3f0a933474a79eae42cbca977791171,0,5000,544
621,2015-07-30 15:50:45.000000 UTC,0xbb7b8287f3f0a933474a79eae42cbca977791171,0,5000,544
622,2015-07-30 15:50:46.000000 UTC,0x28921e4e2c9d84f4c0f0c0ceb991f45751a0fe93,0,5000,539
623,2015-07-30 15:50:48.000000 UTC,0x1b7047b4338acf65be94c1a3e8c5c9338ad7d67c,0,5000,1081
624,2015-07-30 15:50:49.000000 UTC,0x1b7047b4338acf65be94c1a3e8c5c9338ad7d67c,0,5000,540
625,2015-07-30 15:50:50.000000 UTC,0xbb7b8287f3f0a933474a79eae42cbca977791171,0,5000,544
626,2015-07-30 15:50:55.000000 UTC,0x792bc83ac4306f4305b1f8d28d226185a7a5bc73,0,5000,1084
627,2015-07-30 15:50:57.000000 UTC,0xbb12b5a9b85d4ab8cde6056e9c1b2a4a337d2261,0,5000,546
628,2015-07-30 15:50:59.000000 UTC,0xb5edd17d2582a94610ebf0c6832c1652ebbbe210,0,5000,546
629,2015-07-30 15:51:01.000000 UTC,0xbb7b8287f3f0a933474a79eae42cbca977791171,0,5000,544
630,2015-07-30 15:51:03.000000 UTC,0x1b7047b4338acf65be94c1a3e8c5c9338ad7d67c,0,5000,1083
631,2015-07-30 15:51:04.000000 UTC,0x90d331f19e4ef54c4dc2710087ebd8536084a85a,0,5000,1066
632,2015-07-30 15:51:05.000000 UTC,0xa1623430350c5df1b52b0b57483a5bb45d1796da,0,5000,546
633,2015-07-30 15:51:07.000000 UTC,0xa1623430350c5df1b52b0b57483a5bb45d1796da,0,5000,546
634,2015-07-30 15:51:08.000000 UTC,0x5088d623ba0fcf0131e0897a91734a4d83596aa0,0,5000,546
635,2015-07-30 15:51:10.000000 UTC,0x9beb4d346c6309a9ce4f27393c6322c8f03a3be6,0,5000,1089
636,2015-07-30 15:51:11.000000 UTC,0xbb7b8287f3f0a933474a79eae42cbca977791171,0,5000,544
637,2015-07-30 15:51:14.000000 UTC,0xbb7b8287f3f0a933474a79eae42cbca977791171,0,5000,544
638,2015-07-30 15:51:15.000000 UTC,0xbb7b8287f3f0a933474a79eae42cbca977791171,0,5000,544
639,2015-07-30 15:51:16.000000 UTC,0xbb7b8287f3f0a933474a79eae42cbca977791171,0,5000,1087
640,2015-07-30 15:51:17.000000 UTC,0xf6e1652a0397e078f434d6dda181b218cfd42e09,0,5000,539
641,2015-07-30 15:51:18.000000 UTC,0x28921e4e2c9d84f4c0f0c0ceb991f45751a0fe93,0,5000,539
642,2015-07-30 15:51:19.000000 UTC,0xbb7b8287f3f0a933474a79eae42cbca977791171,0,5000,544
643,2015-07-30 15:51:20.000000 UTC,0x26350da68d694a2ced5cd7a1309baa782966a039,0,5000,539
644,2015-07-30 15:51:21.000000 UTC,0xf6e1652a0397e078f434d6dda181b218cfd42e09,0,5000,539
645,2015-07-30 15:51:22.000000 UTC,0xbb7b8287f3f0a933474a79eae42cbca977791171,0,5000,544
646,2015-07-30 15:51:23.000000 UTC,0x5088d623ba0fcf0131e0897a91734a4d83596aa0,0,5000,1084
647,2015-07-30 15:51:29.000000 UTC,0x5088d623ba0fcf0131e0897a91734a4d83596aa0,0,5000,1621
648,2015-07-30 15:51:31.000000 UTC,0x90d331f19e4ef54c4dc2710087ebd8536084a85a,0,5000,523
649,2015-07-30 15:51:33.000000 UTC,0xbb7b8287f3f0a933474a79eae42cbca977791171,0,5000,544
650,2015-07-30 15:51:35.000000 UTC,0xbb7b8287f3f0a933474a79eae42cbca977791171,0,5000,1087
651,2015-07-30 15:51:36.000000 UTC,0x1b7047b4338acf65be94c1a3e8c5c9338ad7d67c,0,5000,540
652,2015-07-30 15:51:37.000000 UTC,0xbb7b8287f3f0a933474a79eae42cbca977791171,0,5000,544
653,2015-07-30 15:51:40.000000 UTC,0x90d331f19e4ef54c4dc2710087ebd8536084a85a,0,5000,523
654,2015-07-30 15:51:43.000000 UTC,0xbb7b8287f3f0a933474a79eae42cbca977791171,0,5000,544
655,2015-07-30 15:51:44.000000 UTC,0xbb12b5a9b85d4ab8cde6056e9c1b2a4a337d2261,0,5000,1089
656,2015-07-30 15:51:46.000000 UTC,0xbb7b8287f3f0a933474a79eae42cbca977791171,0,5000,1080
657,2015-07-30 15:51:48.000000 UTC,0xbb7b8287f3f0a933474a79eae42cbca977791171,0,5000,1080
658,2015-07-30 15:51:50.000000 UTC,0xbb7b8287f3f0a933474a79eae42cbca977791171,0,5000,544
659,2015-07-30 15:51:53.000000 UTC,0xbb7b8287f3f0a933474a79eae42cbca977791171,0,5000,544
660,2015-07-30 15:51:54.000000 UTC,0xbb7b8287f3f0a933474a79eae42cbca977791171,0,5000,544
661,2015-07-30 15:51:56.000000 UTC,0xbb7b8287f3f0a933474a79eae42cbca977791171,0,5000,544
662,2015-07-30 15:51:59.000000 UTC,0x55d1554b08a5311c5c0a0b6464162192f9d2f884,0,5000,1082
663,2015-07-30 15:52:02.000000 UTC,0x70137010922f2fc2964b3792907f79fbb75febe8,0,5000,546
664,2015-07-30 15:52:03.000000 UTC,0x70137010922f2fc2964b3792907f79fbb75febe8,0,5000,546
665,2015-07-30 15:52:04.000000 UTC,0x5088d623ba0fcf0131e0897a91734a4d83596aa0,0,5000,1084
666,2015-07-30 15:52:06.000000 UTC,0xbb7b8287f3f0a933474a79eae42cbca977791171,0,5000,544
667,2015-07-30 15:52:07.000000 UTC,0x1b7047b4338acf65be94c1a3e8c5c9338ad7d67c,0,5000,540
668,2015-07-30 15:52:08.000000 UTC,0xbb7b8287f3f0a933474a79eae42cbca977791171,0,5000,1082
669,2015-07-30 15:52:09.000000 UTC,0xbb7b8287f3f0a933474a79eae42cbca977791171,0,5000,544
670,2015-07-30 15:52:12.000000 UTC,0x5088d623ba0fcf0131e0897a91734a4d83596aa0,0,5000,1623
671,2015-07-30 15:52:13.000000 UTC,0xbb7b8287f3f0a933474a79eae42cbca977791171,0,5000,1081
672,2015-07-30 15:52:14.000000 UTC,0x1b7047b4338acf65be94c1a3e8c5c9338ad7d67c,0,5000,540
673,2015-07-30 15:52:16.000000 UTC,0xbb7b8287f3f0a933474a79eae42cbca977791171,0,5000,544
674,2015-07-30 15:52:17.000000 UTC,0x5088d623ba0fcf0131e0897a91734a4d83596aa0,0,5000,546
675,2015-07-30 15:52:19.000000 UTC,0xbb7b8287f3f0a933474a79eae42cbca977791171,0,5000,544
676,2015-07-30 15:52:20.000000 UTC,0xbb7b8287f3f0a933474a79eae42cbca977791171,0,5000,544
677,2015-07-30 15:52:22.000000 UTC,0xbb7b8287f3f0a933474a79eae42cbca977791171,0,5000,544
678,2015-07-30 15:52:23.000000 UTC,0xbb7b8287f3f0a933474a79eae42cbca977791171,0,5000,544
679,2015-07-30 15:52:24.000000 UTC,0xbb7b8287f3f0a933474a79eae42cbca977791171,0,5000,544
680,2015-07-30 15:52:28.000000 UTC,0x28921e4e2c9d84f4c0f0c0ceb991f45751a0fe93,0,5000,1082
681,2015-07-30 15:52:29.000000 UTC,0x1b7047b4338acf65be94c1a3e8c5c9338ad7d67c,0,5000,540
682,2015-07-30 15:52:32.000000 UTC,0x28921e4e2c9d84f4c0f0c0ceb991f45751a0fe93,0,5000,539
683,2015-07-30 15:52:33.000000 UTC,0xbb7b8287f3f0a933474a79eae42cbca977791171,0,5000,544
684,2015-07-30 15:52:34.000000 UTC,0xbb7b8287f3f0a933474a79eae42cbca977791171,0,5000,544
685,2015-07-30 15:52:37.000000 UTC,0x28921e4e2c9d84f4c0f0c0ceb991f45751a0fe93,0,5000,1082
686,2015-07-30 15:52:38.000000 UTC,0xd7e30ae310c1d1800f5b641baa7af95b2e1fd98c,0,5000,1089
687,2015-07-30 15:52:39.000000 UTC,0xad4910a62f2702d3d19a74d271d6702e7e961949,0,5000,1082
688,2015-07-30 15:52:42.000000 UTC,0x4f6f96b2bf01e35fbba31b072c4d9ab4aec688c3,0,5000,546
689,2015-07-30 15:52:45.000000 UTC,0x5088d623ba0fcf0131e0897a91734a4d83596aa0,0,5000,1087
690,2015-07-30 15:52:47.000000 UTC,0xa1623430350c5df1b52b0b57483a5bb45d1796da,0,5000,546
691,2015-07-30 15:52:49.000000 UTC,0xbb7b8287f3f0a933474a79eae42cbca977791171,0,5000,1080
692,2015-07-30 15:52:50.000000 UTC,0x28921e4e2c9d84f4c0f0c0ceb991f45751a0fe93,0,5000,539
693,2015-07-30 15:52:52.000000 UTC,0x5088d623ba0fcf0131e0897a91734a4d83596aa0,0,5000,546
694,2015-07-30 15:52:53.000000 UTC,0x28921e4e2c9d84f4c0f0c0ceb991f45751a0fe93,0,5000,1076
695,2015-07-30 15:52:55.000000 UTC,0x28921e4e2c9d84f4c0f0c0ceb991f45751a0fe93,0,5000,539
696,2015-07-30 15:52:57.000000 UTC,0x41542b0a28f978f7aff8b35b356a7e0b2f2bc638,0,5000,546
697,2015-07-30 15:52:59.000000 UTC,0x1b7047b4338acf65be94c1a3e8c5c9338ad7d67c,0,5000,540
698,2015-07-30 15:53:01.000000 UTC,0x0193d941b50d91be6567c7ee1c0fe7af498b4137,0,5000,539
699,2015-07-30 15:53:03.000000 UTC,0xbb7b8287f3f0a933474a79eae42cbca977791171,0,5000,544
700,2015-07-30 15:53:04.000000 UTC,0xa1623430350c5df1b52b0b57483a5bb45d1796da,0,5000,546
701,2015-07-30 15:53:05.000000 UTC,0xbb12b5a9b85d4ab8cde6056e9c1b2a4a337d2261,0,5000,546
702,2015-07-30 15:53:07.000000 UTC,0x28921e4e2c9d84f4c0f0c0ceb991f45751a0fe93,0,5000,539
703,2015-07-30 15:53:11.000000 UTC,0x1b7047b4338acf65be94c1a3e8c5c9338ad7d67c,0,5000,540
704,2015-07-30 15:53:13.000000 UTC,0x1b7047b4338acf65be94c1a3e8c5c9338ad7d67c,0,5000,540
705,2015-07-30 15:53:15.000000 UTC,0xbb7b8287f3f0a933474a79eae42cbca977791171,0,5000,544
706,2015-07-30 15:53:16.000000 UTC,0x28921e4e2c9d84f4c0f0c0ceb991f45751a0fe93,0,5000,539
707,2015-07-30 15:53:19.000000 UTC,0xbb7b8287f3f0a933474a79eae42cbca977791171,0,5000,1081
708,2015-07-30 15:53:23.000000 UTC,0x0617194e49baad419b57fb8ebba265e417362835,0,5000,1081
709,2015-07-30 15:53:24.000000 UTC,0xbb7b8287f3f0a933474a79eae42cbca977791171,0,5000,544
710,2015-07-30 15:53:25.000000 UTC,0xbb7b8287f3f0a933474a79eae42cbca977791171,0,5000,544
711,2015-07-30 15:53:28.000000 UTC,0xbb7b8287f3f0a933474a79eae42cbca977791171,0,5000,544
712,2015-07-30 15:53:32.000000 UTC,0xb5edd17d2582a94610ebf0c6832c1652ebbbe210,0,5000,546
713,2015-07-30 15:53:33.000000 UTC,0x3cda97032227293aaeaef72f44c1adcfc3daf366,0,5000,546
714,2015-07-30 15:53:34.000000 UTC,0x5088d623ba0fcf0131e0897a91734a4d83596aa0,0,5000,546
715,2015-07-30 15:53:35.000000 UTC,0xbb7b8287f3f0a933474a79eae42cbca977791171,0,5000,544
716,2015-07-30 15:53:37.000000 UTC,0xbb7b8287f3f0a933474a79eae42cbca977791171,0,5000,544
717,2015-07-30 15:53:42.000000 UTC,0xbb7b8287f3f0a933474a79eae42cbca977791171,0,5000,1087
718,2015-07-30 15:53:43.000000 UTC,0x28921e4e2c9d84f4c0f0c0ceb991f45751a0fe93,0,5000,539
719,2015-07-30 15:53:44.000000 UTC,0xbb12b5a9b85d4ab8cde6056e9c1b2a4a337d2261,0,5000,546
720,2015-07-30 15:53:46.000000 UTC,0xd7e30ae310c1d1800f5b641baa7af95b2e1fd98c,0,5000,1084
721,2015-07-30 15:53:48.000000 UTC,0xbb12b5a9b85d4ab8cde6056e9c1b2a4a337d2261,0,5000,1087
722,2015-07-30 15:53:53.000000 UTC,0x35c6f22e8ffa3d3aef1ee7744bdba64e1b188a15,0,5000,1083
723,2015-07-30 15:53:55.000000 UTC,0xbb7b8287f3f0a933474a79eae42cbca977791171,0,5000,544
724,2015-07-30 15:53:56.000000 UTC,0xbb7b8287f3f0a933474a79eae42cbca977791171,0,5000,544
725,2015-07-30 15:53:57.000000 UTC,0xbb7b8287f3f0a933474a79eae42cbca977791171,0,5000,544
726,2015-07-30 15:53:58.000000 UTC,0x0193d941b50d91be6567c7ee1c0fe7af498b4137,0,5000,1080
727,2015-07-30 15:53:59.000000 UTC,0x1b7047b4338acf65be94c1a3e8c5c9338ad7d67c,0,5000,540
728,2015-07-30 15:54:01.000000 UTC,0x0193d941b50d91be6567c7ee1c0fe7af498b4137,0,5000,539
729,2015-07-30 15:54:02.000000 UTC,0xbb7b8287f3f0a933474a79eae42cbca977791171,0,5000,544
730,2015-07-30 15:54:04.000000 UTC,0x35c6f22e8ffa3d3aef1ee7744bdba64e1b188a15,0,5000,546
731,2015-07-30 15:54:06.000000 UTC,0x5088d623ba0fcf0131e0897a91734a4d83596aa0,0,5000,546
732,2015-07-30 15:54:07.000000 UTC,0x0193d941b50d91be6567c7ee1c0fe7af498b4137,0,5000,1080
733,2015-07-30 15:54:08.000000 UTC,0xbb7b8287f3f0a933474a79eae42cbca977791171,0,5000,544
734,2015-07-30 15:54:13.000000 UTC,0x28921e4e2c9d84f4c0f0c0ceb991f45751a0fe93,0,5000,539
735,2015-07-30 15:54:14.000000 UTC,0x68ffa706761da2294d90488b32526ffe7fb2ff8d,0,5000,1082
736,2015-07-30 15:54:16.000000 UTC,0xbb7b8287f3f0a933474a79eae42cbca977791171,0,5000,544
737,2015-07-30 15:54:18.000000 UTC,0xbb7b8287f3f0a933474a79eae42cbca977791171,0,5000,544
738,2015-07-30 15:54:19.000000 UTC,0xbb7b8287f3f0a933474a79eae42cbca977791171,0,5000,1085
739,2015-07-30 15:54:22.000000 UTC,0xbb7b8287f3f0a933474a79eae42cbca977791171,0,5000,1087
740,2015-07-30 15:54:23.000000 UTC,0x5088d623ba0fcf0131e0897a91734a4d83596aa0,0,5000,546
741,2015-07-30 15:54:25.000000 UTC,0xbb12b5a9b85d4ab8cde6056e9c1b2a4a337d2261,0,5000,546
742,2015-07-30 15:54:27.000000 UTC,0xbb7b8287f3f0a933474a79eae42cbca977791171,0,5000,544
743,2015-07-30 15:54:28.000000 UTC,0x5088d623ba0fcf0131e0897a91734a4d83596aa0,0,5000,546
744,2015-07-30 15:54:29.000000 UTC,0xbb7b8287f3f0a933474a79eae42cbca977791171,0,5000,544
745,2015-07-30 15:54:31.000000 UTC,0xbb7b8287f3f0a933474a79eae42cbca977791171,0,5000,544
746,2015-07-30 15:54:32.000000 UTC,0xbb7b8287f3f0a933474a79eae42cbca977791171,0,5000,1087
747,2015-07-30 15:54:35.000000 UTC,0xbb7b8287f3f0a933474a79eae42cbca977791171,0,5000,1081
748,2015-07-30 15:54:37.000000 UTC,0x28921e4e2c9d84f4c0f0c0ceb991f45751a0fe93,0,5000,1082
749,2015-07-30 15:54:38.000000 UTC,0x9beb4d346c6309a9ce4f27393c6322c8f03a3be6,0,5000,546
750,2015-07-30 15:54:41.000000 UTC,0xbb7b8287f3f0a933474a79eae42cbca977791171,0,5000,544
751,2015-07-30 15:54:45.000000 UTC,0xbb7b8287f3f0a933474a79eae42cbca977791171,0,5000,544
752,2015-07-30 15:54:46.000000 UTC,0xbb7b8287f3f0a933474a79eae42cbca977791171,0,5000,544
753,2015-07-30 15:54:51.000000 UTC,0xbb7b8287f3f0a933474a79eae42cbca977791171,0,5000,544
754,2015-07-30 15:54:53.000000 UTC,0x1b7047b4338acf65be94c1a3e8c5c9338ad7d67c,0,5000,540
755,2015-07-30 15:54:54.000000 UTC,0x0785a86be9c2d68dbaebaf1db72641680529e2fd,0,5000,546
756,2015-07-30 15:54:55.000000 UTC,0xbb7b8287f3f0a933474a79eae42cbca977791171,0,5000,544
757,2015-07-30 15:54:56.000000 UTC,0x28921e4e2c9d84f4c0f0c0ceb991f45751a0fe93,0,5000,539
758,2015-07-30 15:54:57.000000 UTC,0x35c6f22e8ffa3d3aef1ee7744bdba64e1b188a15,0,5000,546
759,2015-07-30 15:55:01.000000 UTC,0x5088d623ba0fcf0131e0897a91734a4d83596aa0,0,5000,546
760,2015-07-30 15:55:03.000000 UTC,0x1b7047b4338acf65be94c1a3e8c5c9338ad7d67c,0,5000,540
761,2015-07-30 15:55:06.000000 UTC,0x1b7047b4338acf65be94c1a3e8c5c9338ad7d67c,0,5000,540
762,2015-07-30 15:55:08.000000 UTC,0xde43d08f8150ffd4e0b6398a80ae7e322247cfac,0,5000,1087
763,2015-07-30 15:55:09.000000 UTC,0x35e8e5dc5fbd97c5b421a80b596c030a2be2a04d,0,5000,539
764,2015-07-30 15:55:11.000000 UTC,0xbb7b8287f3f0a933474a79eae42cbca977791171,0,5000,1087
765,2015-07-30 15:55:15.000000 UTC,0xbb7b8287f3f0a933474a79eae42cbca977791171,0,5000,1620
766,2015-07-30 15:55:16.000000 UTC,0xa1623430350c5df1b52b0b57483a5bb45d1796da,0,5000,1630
767,2015-07-30 15:55:17.000000 UTC,0xbb7b8287f3f0a933474a79eae42cbca977791171,0,5000,1085
768,2015-07-30 15:55:19.000000 UTC,0xbb7b8287f3f0a933474a79eae42cbca977791171,0,5000,544
769,2015-07-30 15:55:21.000000 UTC,0x70137010922f2fc2964b3792907f79fbb75febe8,0,5000,546
770,2015-07-30 15:55:22.000000 UTC,0xbb7b8287f3f0a933474a79eae42cbca977791171,0,5000,544
771,2015-07-30 15:55:23.000000 UTC,0xbb7b8287f3f0a933474a79eae42cbca977791171,0,5000,544
772,2015-07-30 15:55:24.000000 UTC,0x0617194e49baad419b57fb8ebba265e417362835,0,5000,540
773,2015-07-30 15:55:26.000000 UTC,0x322df8fd261820c36234f806b15f51a2203a8f88,0,5000,546
774,2015-07-30 15:55:27.000000 UTC,0x28921e4e2c9d84f4c0f0c0ceb991f45751a0fe93,0,5000,539
775,2015-07-30 15:55:28.000000 UTC,0x28921e4e2c9d84f4c0f0c0ceb991f45751a0fe93,0,5000,539
776,2015-07-30 15:55:29.000000 UTC,0xbb7b8287f3f0a933474a79eae42cbca977791171,0,5000,544
777,2015-07-30 15:55:30.000000 UTC,0x5088d623ba0fcf0131e0897a91734a4d83596aa0,0,5000,546
778,2015-07-30 15:55:31.000000 UTC,0x28921e4e2c9d84f4c0f0c0ceb991f45751a0fe93,0,5000,539
779,2015-07-30 15:55:33.000000 UTC,0x5088d623ba0fcf0131e0897a91734a4d83596aa0,0,5000,546
780,2015-07-30 15:55:37.000000 UTC,0x94b7fdf01f4e5d76b2c31eeb846f91f427606c98,0,5000,546
781,2015-07-30 15:55:38.000000 UTC,0xbb12b5a9b85d4ab8cde6056e9c1b2a4a337d2261,0,5000,546
782,2015-07-30 15:55:45.000000 UTC,0xd7e30ae310c1d1800f5b641baa7af95b2e1fd98c,0,5000,1089
783,2015-07-30 15:55:47.000000 UTC,0xd0bb2642d1827b7731de398b794c550558d07650,0,5000,1089
784,2015-07-30 15:55:50.000000 UTC,0x90d331f19e4ef54c4dc2710087ebd8536084a85a,0,5000,523
785,2015-07-30 15:55:52.000000 UTC,0xbb7b8287f3f0a933474a79eae42cbca977791171,0,5000,544
786,2015-07-30 15:55:53.000000 UTC,0xbb7b8287f3f0a933474a79eae42cbca977791171,0,5000,1087
787,2015-07-30 15:55:54.000000 UTC,0x1b7047b4338acf65be94c1a3e8c5c9338ad7d67c,0,5000,1077
788,2015-07-30 15:55:57.000000 UTC,0x90d331f19e4ef54c4dc2710087ebd8536084a85a,0,5000,523
789,2015-07-30 15:55:58.000000 UTC,0xbb7b8287f3f0a933474a79eae42cbca977791171,0,5000,1087
790,2015-07-30 15:56:01.000000 UTC,0x1b7047b4338acf65be94c1a3e8c5c9338ad7d67c,0,5000,540
791,2015-07-30 15:56:03.000000 UTC,0xbb7b8287f3f0a933474a79eae42cbca977791171,0,5000,1087
792,2015-07-30 15:56:04.000000 UTC,0xbb7b8287f3f0a933474a79eae42cbca977791171,0,5000,544
793,2015-07-30 15:56:05.000000 UTC,0x0193d941b50d91be6567c7ee1c0fe7af498b4137,0,5000,539
794,2015-07-30 15:56:07.000000 UTC,0x28921e4e2c9d84f4c0f0c0ceb991f45751a0fe93,0,5000,539
795,2015-07-30 15:56:09.000000 UTC,0xbb7b8287f3f0a933474a79eae42cbca977791171,0,5000,544
796,2015-07-30 15:56:11.000000 UTC,0xbb7b8287f3f0a933474a79eae42cbca977791171,0,5000,544
797,2015-07-30 15:56:12.000000 UTC,0xa1623430350c5df1b52b0b57483a5bb45d1796da,0,5000,1087
798,2015-07-30 15:56:13.000000 UTC,0xbb7b8287f3f0a933474a79eae42cbca977791171,0,5000,544
799,2015-07-30 15:56:14.000000 UTC,0x28921e4e2c9d84f4c0f0c0ceb991f45751a0fe93,0,5000,539
800,2015-07-30 15:56:16.000000 UTC,0xbb12b5a9b85d4ab8cde6056e9c1b2a4a337d2261,0,5000,546
801,2015-07-30 15:56:17.000000 UTC,0xbb7b8287f3f0a933474a79eae42cbca977791171,0,5000,544
802,2015-07-30 15:56:18.000000 UTC,0x90d331f19e4ef54c4dc2710087ebd8536084a85a,0,5000,1059
803,2015-07-30 15:56:21.000000 UTC,0xbb7b8287f3f0a933474a79eae42cbca977791171,0,5000,544
804,2015-07-30 15:56:24.000000 UTC,0x5088d623ba0fcf0131e0897a91734a4d83596aa0,0,5000,1080
805,2015-07-30 15:56:25.000000 UTC,0x0193d941b50d91be6567c7ee1c0fe7af498b4137,0,5000,1082
806,2015-07-30 15:56:26.000000 UTC,0x28921e4e2c9d84f4c0f0c0ceb991f45751a0fe93,0,5000,539
807,2015-07-30 15:56:27.000000 UTC,0xbb7b8287f3f0a933474a79eae42cbca977791171,0,5000,1064
808,2015-07-30 15:56:28.000000 UTC,0xbb7b8287f3f0a933474a79eae42cbca977791171,0,5000,544
809,2015-07-30 15:56:29.000000 UTC,0xbb7b8287f3f0a933474a79eae42cbca977791171,0,5000,544
810,2015-07-30 15:56:30.000000 UTC,0xbb7b8287f3f0a933474a79eae42cbca977791171,0,5000,544
811,2015-07-30 15:56:32.000000 UTC,0x28921e4e2c9d84f4c0f0c0ceb991f45751a0fe93,0,5000,539
812,2015-07-30 15:56:34.000000 UTC,0x322df8fd261820c36234f806b15f51a2203a8f88,0,5000,546
813,2015-07-30 15:56:36.000000 UTC,0xbb7b8287f3f0a933474a79eae42cbca977791171,0,5000,544
814,2015-07-30 15:56:37.000000 UTC,0x28921e4e2c9d84f4c0f0c0ceb991f45751a0fe93,0,5000,539
815,2015-07-30 15:56:38.000000 UTC,0xbb7b8287f3f0a933474a79eae42cbca977791171,0,5000,1087
816,2015-07-30 15:56:39.000000 UTC,0x90d331f19e4ef54c4dc2710087ebd8536084a85a,0,5000,523
817,2015-07-30 15:56:42.000000 UTC,0x28921e4e2c9d84f4c0f0c0ceb991f45751a0fe93,0,5000,539
818,2015-07-30 15:56:43.000000 UTC,0x90d331f19e4ef54c4dc2710087ebd8536084a85a,0,5000,1601
819,2015-07-30 15:56:45.000000 UTC,0x1b7047b4338acf65be94c1a3e8c5c9338ad7d67c,0,5000,540
820,2015-07-30 15:56:48.000000 UTC,0xbb7b8287f3f0a933474a79eae42cbca977791171,0,5000,1087
821,2015-07-30 15:56:51.000000 UTC,0x0e858640eb9cbeee16b74124658815bb2b5c0686,0,5000,546
822,2015-07-30 15:56:53.000000 UTC,0x35e8e5dc5fbd97c5b421a80b596c030a2be2a04d,0,5000,539
823,2015-07-30 15:56:57.000000 UTC,0x5bf5e9cf9b456d6591073513de7fd69a9bef04bc,0,5000,541
824,2015-07-30 15:56:58.000000 UTC,0xbb7b8287f3f0a933474a79eae42cbca977791171,0,5000,1087
825,2015-07-30 15:56:59.000000 UTC,0xbb7b8287f3f0a933474a79eae42cbca977791171,0,5000,1085
826,2015-07-30 15:57:00.000000 UTC,0x35e8e5dc5fbd97c5b421a80b596c030a2be2a04d,0,5000,539
827,2015-07-30 15:57:01.000000 UTC,0x5088d623ba0fcf0131e0897a91734a4d83596aa0,0,5000,546
828,2015-07-30 15:57:03.000000 UTC,0xdd2f1e6e498202e86d8f5442af596580a4f03c2c,0,5000,546
829,2015-07-30 15:57:05.000000 UTC,0xbb7b8287f3f0a933474a79eae42cbca977791171,0,5000,1085
830,2015-07-30 15:57:07.000000 UTC,0x28921e4e2c9d84f4c0f0c0ceb991f45751a0fe93,0,5000,539
831,2015-07-30 15:57:08.000000 UTC,0x0193d941b50d91be6567c7ee1c0fe7af498b4137,0,5000,539
832,2015-07-30 15:57:10.000000 UTC,0x5088d623ba0fcf0131e0897a91734a4d83596aa0,0,5000,1628
833,2015-07-30 15:57:13.000000 UTC,0x1b7047b4338acf65be94c1a3e8c5c9338ad7d67c,0,5000,540
834,2015-07-30 15:57:16.000000 UTC,0x1b7047b4338acf65be94c1a3e8c5c9338ad7d67c,0,5000,540
835,2015-07-30 15:57:18.000000 UTC,0xbb7b8287f3f0a933474a79eae42cbca977791171,0,5000,544
836,2015-07-30 15:57:19.000000 UTC,0x5088d623ba0fcf0131e0897a91734a4d83596aa0,0,5000,546
837,2015-07-30 15:57:24.000000 UTC,0xbb7b8287f3f0a933474a79eae42cbca977791171,0,5000,1080
838,2015-07-30 15:57:28.000000 UTC,0x28921e4e2c9d84f4c0f0c0ceb991f45751a0fe93,0,5000,539
839,2015-07-30 15:57:30.000000 UTC,0xbb7b8287f3f0a933474a79eae42cbca977791171,0,5000,1080
840,2015-07-30 15:57:31.000000 UTC,0xbb7b8287f3f0a933474a79eae42cbca977791171,0,5000,544
841,2015-07-30 15:57:32.000000 UTC,0x26350da68d694a2ced5cd7a1309baa782966a039,0,5000,1075
842,2015-07-30 15:57:33.000000 UTC,0xbb7b8287f3f0a933474a79eae42cbca977791171,0,5000,544
843,2015-07-30 15:57:34.000000 UTC,0xc1cdc601f89c0428b31302d187e0dc08ad7d1c57,0,5000,546
844,2015-07-30 15:57:35.000000 UTC,0xa1623430350c5df1b52b0b57483a5bb45d1796da,0,5000,1089
845,2015-07-30 15:57:36.000000 UTC,0xbb7b8287f3f0a933474a79eae42cbca977791171,0,5000,544
846,2015-07-30 15:57:38.000000 UTC,0xbb7b8287f3f0a933474a79eae42cbca977791171,0,5000,544
847,2015-07-30 15:57:39.000000 UTC,0xbb7b8287f3f0a933474a79eae42cbca977791171,0,5000,544
848,2015-07-30 15:57:41.000000 UTC,0x5088d623ba0fcf0131e0897a91734a4d83596aa0,0,5000,546
849,2015-07-30 15:57:42.000000 UTC,0x3cda97032227293aaeaef72f44c1adcfc3daf366,0,5000,546
850,2015-07-30 15:57:44.000000 UTC,0xaf9c0e1396a3b98e086e44be36d5fa20da1768bd,0,5000,546
851,2015-07-30 15:57:45.000000 UTC,0xcedf8ebb5ee36636816b0cc979a22efde57015d6,0,5000,539
852,2015-07-30 15:57:47.000000 UTC,0xbb7b8287f3f0a933474a79eae42cbca977791171,0,5000,1628
853,2015-07-30 15:57:48.000000 UTC,0x28921e4e2c9d84f4c0f0c0ceb991f45751a0fe93,0,5000,539
854,2015-07-30 15:57:50.000000 UTC,0xbb7b8287f3f0a933474a79eae42cbca977791171,0,5000,544
855,2015-07-30 15:57:52.000000 UTC,0xbb7b8287f3f0a933474a79eae42cbca977791171,0,5000,544
856,2015-07-30 15:57:53.000000 UTC,0xbb7b8287f3f0a933474a79eae42cbca977791171,0,5000,544
857,2015-07-30 15:57:55.000000 UTC,0xbb7b8287f3f0a933474a79eae42cbca977791171,0,5000,544
858,2015-07-30 15:57:56.000000 UTC,0xb119679e169fe48611d342f210a48217646e49e7,0,5000,541
859,2015-07-30 15:57:57.000000 UTC,0xbb7b8287f3f0a933474a79eae42cbca977791171,0,5000,1080
860,2015-07-30 15:57:58.000000 UTC,0xbb7b8287f3f0a933474a79eae42cbca977791171,0,5000,544
861,2015-07-30 15:58:00.000000 UTC,0xbb7b8287f3f0a933474a79eae42cbca977791171,0,5000,544
862,2015-07-30 15:58:04.000000 UTC,0xbb7b8287f3f0a933474a79eae42cbca977791171,0,5000,544
863,2015-07-30 15:58:05.000000 UTC,0x5088d623ba0fcf0131e0897a91734a4d83596aa0,0,5000,546
864,2015-07-30 15:58:07.000000 UTC,0xa3cf68e2e14a0844ea695d42c2c326ae0a827b76,0,5000,546
865,2015-07-30 15:58:10.000000 UTC,0xa1623430350c5df1b52b0b57483a5bb45d1796da,0,5000,1089
866,2015-07-30 15:58:11.000000 UTC,0x1b7047b4338acf65be94c1a3e8c5c9338ad7d67c,0,5000,540
867,2015-07-30 15:58:13.000000 UTC,0xbb7b8287f3f0a933474a79eae42cbca977791171,0,5000,1087
868,2015-07-30 15:58:14.000000 UTC,0xbb7b8287f3f0a933474a79eae42cbca977791171,0,5000,1619
869,2015-07-30 15:58:16.000000 UTC,0xbb7b8287f3f0a933474a79eae42cbca977791171,0,5000,544
870,2015-07-30 15:58:17.000000 UTC,0xbb7b8287f3f0a933474a79eae42cbca977791171,0,5000,544
871,2015-07-30 15:58:21.000000 UTC,0xdd2f1e6e498202e86d8f5442af596580a4f03c2c,0,5000,546
872,2015-07-30 15:58:23.000000 UTC,0xbb7b8287f3f0a933474a79eae42cbca977791171,0,5000,544
873,2015-07-30 15:58:24.000000 UTC,0xbb7b8287f3f0a933474a79eae42cbca977791171,0,5000,544
874,2015-07-30 15:58:25.000000 UTC,0x28921e4e2c9d84f4c0f0c0ceb991f45751a0fe93,0,5000,539
875,2015-07-30 15:58:26.000000 UTC,0x28921e4e2c9d84f4c0f0c0ceb991f45751a0fe93,0,5000,539
876,2015-07-30 15:58:28.000000 UTC,0xbb7b8287f3f0a933474a79eae42cbca977791171,0,5000,544
877,2015-07-30 15:58:30.000000 UTC,0xbb7b8287f3f0a933474a79eae42cbca977791171,0,5000,544
878,2015-07-30 15:58:32.000000 UTC,0xbb7b8287f3f0a933474a79eae42cbca977791171,0,5000,1085
879,2015-07-30 15:58:33.000000 UTC,0x5088d623ba0fcf0131e0897a91734a4d83596aa0,0,5000,546
880,2015-07-30 15:58:34.000000 UTC,0xd7e30ae310c1d1800f5b641baa7af95b2e1fd98c,0,5000,546
881,2015-07-30 15:58:36.000000 UTC,0x28921e4e2c9d84f4c0f0c0ceb991f45751a0fe93,0,5000,1076
882,2015-07-30 15:58:38.000000 UTC,0xbb7b8287f3f0a933474a79eae42cbca977791171,0,5000,544
883,2015-07-30 15:58:40.000000 UTC,0xdb312d1d6a2ccc64dd94a3892928bac82b4e8c15,0,5000,1087
884,2015-07-30 15:58:42.000000 UTC,0x26350da68d694a2ced5cd7a1309baa782966a039,0,5000,539
885,2015-07-30 15:58:43.000000 UTC,0x48040276e9c17ddbe5c8d2976245dcd0235efa43,0,5000,546
886,2015-07-30 15:58:45.000000 UTC,0xbb7b8287f3f0a933474a79eae42cbca977791171,0,5000,544
887,2015-07-30 15:58:49.000000 UTC,0x28921e4e2c9d84f4c0f0c0ceb991f45751a0fe93,0,5000,539
888,2015-07-30 15:58:50.000000 UTC,0x28921e4e2c9d84f4c0f0c0ceb991f45751a0fe93,0,5000,539
889,2015-07-30 15:58:52.000000 UTC,0xbb7b8287f3f0a933474a79eae42cbca977791171,0,5000,544
890,2015-07-30 15:58:53.000000 UTC,0xbb7b8287f3f0a933474a79eae42cbca977791171,0,5000,544
891,2015-07-30 15:58:54.000000 UTC,0xbb7b8287f3f0a933474a79eae42cbca977791171,0,5000,544
892,2015-07-30 15:58:55.000000 UTC,0xbb7b8287f3f0a933474a79eae42cbca977791171,0,5000,544
893,2015-07-30 15:58:56.000000 UTC,0xbb7b8287f3f0a933474a79eae42cbca977791171,0,5000,544
894,2015-07-30 15:58:57.000000 UTC,0xd7e30ae310c1d1800f5b641baa7af95b2e1fd98c,0,5000,546
895,2015-07-30 15:58:59.000000 UTC,0xbb7b8287f3f0a933474a79eae42cbca977791171,0,5000,544
896,2015-07-30 15:59:00.000000 UTC,0xbb7b8287f3f0a933474a79eae42cbca977791171,0,5000,544
897,2015-07-30 15:59:01.000000 UTC,0xbb7b8287f3f0a933474a79eae42cbca977791171,0,5000,1085
898,2015-07-30 15:59:03.000000 UTC,0xbb7b8287f3f0a933474a79eae42cbca977791171,0,5000,544
899,2015-07-30 15:59:05.000000 UTC,0xbb7b8287f3f0a933474a79eae42cbca977791171,0,5000,1085
900,2015-07-30 15:59:06.000000 UTC,0x1b7047b4338acf65be94c1a3e8c5c9338ad7d67c,0,5000,540
901,2015-07-30 15:59:08.000000 UTC,0x28921e4e2c9d84f4c0f0c0ceb991f45751a0fe93,0,5000,539
902,2015-07-30 15:59:10.000000 UTC,0xbb7b8287f3f0a933474a79eae42cbca977791171,0,5000,544
903,2015-07-30 15:59:12.000000 UTC,0xbb7b8287f3f0a933474a79eae42cbca977791171,0,5000,1080
904,2015-07-30 15:59:13.000000 UTC,0x5088d623ba0fcf0131e0897a91734a4d83596aa0,0,5000,1087
905,2015-07-30 15:59:14.000000 UTC,0xbb7b8287f3f0a933474a79eae42cbca977791171,0,5000,544
906,2015-07-30 15:59:15.000000 UTC,0x9beb4d346c6309a9ce4f27393c6322c8f03a3be6,0,5000,546
907,2015-07-30 15:59:17.000000 UTC,0x5088d623ba0fcf0131e0897a91734a4d83596aa0,0,5000,546
908,2015-07-30 15:59:18.000000 UTC,0xbb7b8287f3f0a933474a79eae42cbca977791171,0,5000,544
909,2015-07-30 15:59:19.000000 UTC,0xbb7b8287f3f0a933474a79eae42cbca977791171,0,5000,544
910,2015-07-30 15:59:20.000000 UTC,0xbb7b8287f3f0a933474a79eae42cbca977791171,0,5000,1087
911,2015-07-30 15:59:21.000000 UTC,0x28921e4e2c9d84f4c0f0c0ceb991f45751a0fe93,0,5000,539
912,2015-07-30 15:59:23.000000 UTC,0xbb7b8287f3f0a933474a79eae42cbca977791171,0,5000,544
913,2015-07-30 15:59:25.000000 UTC,0x5088d623ba0fcf0131e0897a91734a4d83596aa0,0,5000,546
914,2015-07-30 15:59:26.000000 UTC,0x28921e4e2c9d84f4c0f0c0ceb991f45751a0fe93,0,5000,1082
915,2015-07-30 15:59:29.000000 UTC,0x3cda97032227293aaeaef72f44c1adcfc3daf366,0,5000,546
916,2015-07-30 15:59:31.000000 UTC,0x5088d623ba0fcf0131e0897a91734a4d83596aa0,0,5000,1083
917,2015-07-30 15:59:32.000000 UTC,0xbb7b8287f3f0a933474a79eae42cbca977791171,0,5000,544
918,2015-07-30 15:59:33.000000 UTC,0x957523c697993cb24fcf75efbce4f228325e7383,0,5000,539
919,2015-07-30 15:59:36.000000 UTC,0x0193d941b50d91be6567c7ee1c0fe7af498b4137,0,5000,539
920,2015-07-30 15:59:39.000000 UTC,0x1b7047b4338acf65be94c1a3e8c5c9338ad7d67c,0,5000,540
921,2015-07-30 15:59:41.000000 UTC,0x5088d623ba0fcf0131e0897a91734a4d83596aa0,0,5000,546
922,2015-07-30 15:59:45.000000 UTC,0xbb12b5a9b85d4ab8cde6056e9c1b2a4a337d2261,0,5000,546
923,2015-07-30 15:59:46.000000 UTC,0xbb7b8287f3f0a933474a79eae42cbca977791171,0,5000,544
924,2015-07-30 15:59:49.000000 UTC,0xdb312d1d6a2ccc64dd94a3892928bac82b4e8c15,0,5000,1082
925,2015-07-30 15:59:53.000000 UTC,0x306e6267d94f23a9b37cb110f20852208fbbf1aa,0,5000,541
926,2015-07-30 15:59:54.000000 UTC,0xe7bd49061d5d63f82dc8b569dca764ad0815ba27,0,5000,539
927,2015-07-30 15:59:56.000000 UTC,0xd7e30ae310c1d1800f5b641baa7af95b2e1fd98c,0,5000,546
928,2015-07-30 15:59:57.000000 UTC,0xbb7b8287f3f0a933474a79eae42cbca977791171,0,5000,1628
929,2015-07-30 15:59:58.000000 UTC,0x5088d623ba0fcf0131e0897a91734a4d83596aa0,0,5000,546
930,2015-07-30 16:00:01.000000 UTC,0xbb12b5a9b85d4ab8cde6056e9c1b2a4a337d2261,0,5000,1089
931,2015-07-30 16:00:04.000000 UTC,0xb5edd17d2582a94610ebf0c6832c1652ebbbe210,0,5000,1087
932,2015-07-30 16:00:05.000000 UTC,0x5088d623ba0fcf0131e0897a91734a4d83596aa0,0,5000,546
933,2015-07-30 16:00:07.000000 UTC,0xf6e1652a0397e078f434d6dda181b218cfd42e09,0,5000,1621
934,2015-07-30 16:00:11.000000 UTC,0xbb7b8287f3f0a933474a79eae42cbca977791171,0,5000,1064
935,2015-07-30 16:00:14.000000 UTC,0xad4910a62f2702d3d19a74d271d6702e7e961949,0,5000,546
936,2015-07-30 16:00:19.000000 UTC,0x1b7047b4338acf65be94c1a3e8c5c9338ad7d67c,0,5000,540
937,2015-07-30 16:00:25.000000 UTC,0x0193d941b50d91be6567c7ee1c0fe7af498b4137,0,5000,1082
938,2015-07-30 16:00:26.000000 UTC,0xbb7b8287f3f0a933474a79eae42cbca977791171,0,5000,544
939,2015-07-30 16:00:27.000000 UTC,0xfb7bc66a002762e28545ea0a7fc970d381863c42,0,5000,539
940,2015-07-30 16:00:30.000000 UTC,0xb5edd17d2582a94610ebf0c6832c1652ebbbe210,0,5000,546
941,2015-07-30 16:00:31.000000 UTC,0x9beb4d346c6309a9ce4f27393c6322c8f03a3be6,0,5000,546
942,2015-07-30 16:00:33.000000 UTC,0xbb7b8287f3f0a933474a79eae42cbca977791171,0,5000,1087
943,2015-07-30 16:00:34.000000 UTC,0xbb7b8287f3f0a933474a79eae42cbca977791171,0,5000,544
944,2015-07-30 16:00:35.000000 UTC,0xbb7b8287f3f0a933474a79eae42cbca977791171,0,5000,1087
945,2015-07-30 16:00:37.000000 UTC,0xbb7b8287f3f0a933474a79eae42cbca977791171,0,5000,544
946,2015-07-30 16:00:41.000000 UTC,0xbb7b8287f3f0a933474a79eae42cbca977791171,0,5000,544
947,2015-07-30 16:00:42.000000 UTC,0x28921e4e2c9d84f4c0f0c0ceb991f45751a0fe93,0,5000,1077
948,2015-07-30 16:00:44.000000 UTC,0x0193d941b50d91be6567c7ee1c0fe7af498b4137,0,5000,539
949,2015-07-30 16:00:45.000000 UTC,0x28921e4e2c9d84f4c0f0c0ceb991f45751a0fe93,0,5000,539
950,2015-07-30 16:00:49.000000 UTC,0xbb7b8287f3f0a933474a79eae42cbca977791171,0,5000,544
951,2015-07-30 16:00:50.000000 UTC,0x1d605dc774c6b37bd78c66c8af81aa80efb7d86b,0,5000,1082
952,2015-07-30 16:00:51.000000 UTC,0xbb7b8287f3f0a933474a79eae42cbca977791171,0,5000,1080
953,2015-07-30 16:00:52.000000 UTC,0x5088d623ba0fcf0131e0897a91734a4d83596aa0,0,5000,546
954,2015-07-30 16:00:54.000000 UTC,0xbb7b8287f3f0a933474a79eae42cbca977791171,0,5000,544
955,2015-07-30 16:00:55.000000 UTC,0xf90b585a1e878ee18838b2688687e670bcf29d35,0,5000,541
956,2015-07-30 16:00:56.000000 UTC,0xbb7b8287f3f0a933474a79eae42cbca977791171,0,5000,544
957,2015-07-30 16:00:57.000000 UTC,0xa1623430350c5df1b52b0b57483a5bb45d1796da,0,5000,546
958,2015-07-30 16:00:59.000000 UTC,0x35c6f22e8ffa3d3aef1ee7744bdba64e1b188a15,0,5000,546
959,2015-07-30 16:01:00.000000 UTC,0xbb7b8287f3f0a933474a79eae42cbca977791171,0,5000,544
960,2015-07-30 16:01:01.000000 UTC,0xcdfb87dde2ecad2943076aef9ef2c4b023fb4f51,0,5000,1082
961,2015-07-30 16:01:02.000000 UTC,0x28921e4e2c9d84f4c0f0c0ceb991f45751a0fe93,0,5000,539
962,2015-07-30 16:01:04.000000 UTC,0xbb7b8287f3f0a933474a79eae42cbca977791171,0,5000,544
963,2015-07-30 16:01:06.000000 UTC,0xbb7b8287f3f0a933474a79eae42cbca977791171,0,5000,1087
964,2015-07-30 16:01:07.000000 UTC,0x0193d941b50d91be6567c7ee1c0fe7af498b4137,0,5000,539
965,2015-07-30 16:01:08.000000 UTC,0xbb7b8287f3f0a933474a79eae42cbca977791171,0,5000,544
966,2015-07-30 16:01:13.000000 UTC,0xbb7b8287f3f0a933474a79eae42cbca977791171,0,5000,544
967,2015-07-30 16:01:15.000000 UTC,0x382404ee27ab9463a6107de97496719187c2306e,0,5000,514
968,2015-07-30 16:01:16.000000 UTC,0xbb12b5a9b85d4ab8cde6056e9c1b2a4a337d2261,0,5000,1084
969,2015-07-30 16:01:18.000000 UTC,0x1b7047b4338acf65be94c1a3e8c5c9338ad7d67c,0,5000,540
970,2015-07-30 16:01:20.000000 UTC,0x28921e4e2c9d84f4c0f0c0ceb991f45751a0fe93,0,5000,539
971,2015-07-30 16:01:21.000000 UTC,0xbb7b8287f3f0a933474a79eae42cbca977791171,0,5000,544
972,2015-07-30 16:01:23.000000 UTC,0x70137010922f2fc2964b3792907f79fbb75febe8,0,5000,546
973,2015-07-30 16:01:25.000000 UTC,0xbb7b8287f3f0a933474a79eae42cbca977791171,0,5000,1082
974,2015-07-30 16:01:29.000000 UTC,0x28921e4e2c9d84f4c0f0c0ceb991f45751a0fe93,0,5000,539
975,2015-07-30 16:01:30.000000 UTC,0x1b7047b4338acf65be94c1a3e8c5c9338ad7d67c,0,5000,540
976,2015-07-30 16:01:33.000000 UTC,0xbb7b8287f3f0a933474a79eae42cbca977791171,0,5000,544
977,2015-07-30 16:01:34.000000 UTC,0xbb7b8287f3f0a933474a79eae42cbca977791171,0,5000,544
978,2015-07-30 16:01:35.000000 UTC,0x957523c697993cb24fcf75efbce4f228325e7383,0,5000,539
979,2015-07-30 16:01:36.000000 UTC,0x28921e4e2c9d84f4c0f0c0ceb991f45751a0fe93,0,5000,539
980,2015-07-30 16:01:37.000000 UTC,0x9beb4d346c6309a9ce4f27393c6322c8f03a3be6,0,5000,546
981,2015-07-30 16:01:38.000000 UTC,0x9b355684808ca9e726ef39815b61922599c7fab6,0,5000,541
982,2015-07-30 16:01:39.000000 UTC,0x28921e4e2c9d84f4c0f0c0ceb991f45751a0fe93,0,5000,539
983,2015-07-30 16:01:43.000000 UTC,0xbb7b8287f3f0a933474a79eae42cbca977791171,0,5000,544
984,2015-07-30 16:01:47.000000 UTC,0xbb7b8287f3f0a933474a79eae42cbca977791171,0,5000,544
985,2015-07-30 16:01:51.000000 UTC,0x9dfc0377058b7b9eb277421769b56df1395705f0,0,5000,1089
986,2015-07-30 16:01:53.000000 UTC,0xbb12b5a9b85d4ab8cde6056e9c1b2a4a337d2261,0,5000,546
987,2015-07-30 16:01:54.000000 UTC,0xc1cdc601f89c0428b31302d187e0dc08ad7d1c57,0,5000,1082
988,2015-07-30 16:01:56.000000 UTC,0x8f22398f1567cddaba1b6bb1973e62b4992d5c9c,0,5000,539
989,2015-07-30 16:01:57.000000 UTC,0xbb7b8287f3f0a933474a79eae42cbca977791171,0,5000,1085
990,2015-07-30 16:01:58.000000 UTC,0xbb7b8287f3f0a933474a79eae42cbca977791171,0,5000,544
991,2015-07-30 16:01:59.000000 UTC,0xa1623430350c5df1b52b0b57483a5bb45d1796da,0,5000,546
992,2015-07-30 16:02:04.000000 UTC,0xc1cdc601f89c0428b31302d187e0dc08ad7d1c57,0,5000,546
993,2015-07-30 16:02:06.000000 UTC,0x0e858640eb9cbeee16b74124658815bb2b5c0686,0,5000,546
994,2015-07-30 16:02:08.000000 UTC,0xa1623430350c5df1b52b0b57483a5bb45d1796da,0,5000,546
995,2015-07-30 16:02:09.000000 UTC,0x0193d941b50d91be6567c7ee1c0fe7af498b4137,0,5000,539
996,2015-07-30 16:02:10.000000 UTC,0x0193d941b50d91be6567c7ee1c0fe7af498b4137,0,5000,539
997,2015-07-30 16:02:11.000000 UTC,0xbb7b8287f3f0a933474a79eae42cbca977791171,0,5000,1615
998,2015-07-30 16:02:14.000000 UTC,0x4f85e43f44d2b0e6f57c9355806ce3e1b3f40ab8,0,5000,1075
999,2015-07-30 16:02:17.000000 UTC,0xf90b585a1e878ee18838b2688687e670bcf29d35,0,5000,541
1000,2015-07-30 16:02:18.000000 UTC,0xbb7b8287f3f0a933474a79eae42cbca977791171,0,5000,544